customer_id,full_name,alert_explanation_count,p1_alerts,p2_alerts,p3_alerts,max_combined_explanation_score,average_combined_explanation_score,max_rule_based_risk_score,max_anomaly_score_percentile,total_alert_amount,suspicious_label_count,customer_explanation_priority
CUST000716,Noah Wright,4,0,0,0,34.54,29.12,38,43.6,4381.85,0,No Review
CUST000173,Ethan Patel,1,0,0,0,33.31,33.31,33,46.15,850.49,0,No Review
CUST000875,Fatima Wilson,1,0,0,0,32.91,32.91,43,3.91,194.4,0,No Review
CUST000079,Daniel Green,3,0,0,0,32.54,26.77,43,32.97,320.26,0,No Review
CUST000084,Zara Green,1,0,0,0,32.34,32.34,38,38.1,1735.07,0,No Review
CUST000730,James Clarke,3,0,0,0,32.02,29.67,38,42.93,875.48,0,No Review
CUST000361,Daniel Clarke,3,0,0,0,31.92,26.84,38,30.13,153.89,0,No Review
CUST000131,Sophia Davies,1,0,0,0,31.54,31.54,34,40.61,16.27,0,No Review
CUST000143,Hannah Robinson,1,0,0,0,30.54,30.54,38,33.61,28.14,0,No Review
CUST000506,Isabella Jones,1,0,0,0,30.35,30.35,39,31.99,4.65,0,No Review
CUST000956,Fatima Wilson,3,0,0,0,30.24,24.1,43,32.86,99.13,0,No Review
CUST000338,Ethan Walker,2,0,0,0,28.67,24.16,38,33.42,55.12,0,No Review
CUST000849,Adam Jones,2,0,0,0,28.09,24.6,38,12.09,281.3,0,No Review
CUST000115,Daniel Khan,3,0,0,0,25.93,21.84,39,22.07,134.56,0,No Review
CUST000543,Maya Brown,1,0,0,0,25.27,25.27,43,14.79,23.29,0,No Review
CUST000219,Aisha Davies,1,0,0,0,24.42,24.42,33,23.93,30.76,0,No Review
CUST000903,Adam Davies,1,0,0,0,22.1,22.1,43,6.88,28.16,0,No Review
CUST000214,Sophia Hall,1,0,0,0,20.57,20.57,39,7.54,21.66,0,No Review
CUST000874,Zara Robinson,1,0,0,0,20.41,20.41,15,4.16,22.55,0,No Review
CUST000534,Aisha Thomas,12,1,2,9,100.0,53.46,100,93.16,877.68,4,P1
CUST000321,Oliver Jones,11,1,0,5,100.0,38.61,98,86.2,1036.02,1,P1
CUST000163,James Miller,10,2,5,3,97.98,67.78,100,99.95,679.51,10,P1
CUST000333,Maya Green,8,1,4,3,97.84,67.51,100,99.59,4986.38,6,P1
CUST000759,Ethan Smith,7,1,0,3,97.8,45.38,100,99.5,3219.28,2,P1
CUST000902,Zara Khan,12,1,1,9,97.76,51.41,100,99.39,578.75,7,P1
CUST000862,Sophia Ali,7,2,3,2,97.72,70.87,100,99.3,324.25,7,P1
CUST000514,Leo Hall,11,4,5,2,97.69,75.09,100,99.24,4153.78,4,P1
CUST000536,Sophia Wilson,8,3,4,1,97.57,76.76,100,99.03,205.03,8,P1
CUST000493,Adam Ahmed,11,1,5,5,97.4,58.16,100,99.4,2495.39,7,P1
CUST000412,Oliver Green,14,3,8,3,97.3,68.84,100,98.24,8043.83,3,P1
CUST000999,Daniel Robinson,11,1,2,3,97.27,47.4,100,98.18,4100.25,6,P1
CUST000353,Oliver Hussain,10,1,4,5,97.26,59.64,100,98.15,989.24,6,P1
CUST000860,Sophia Green,12,6,6,0,97.12,83.14,100,99.58,587.95,5,P1
CUST000760,James Robinson,10,2,5,3,97.02,71.07,98,99.79,631.94,10,P1
CUST000380,Adam Hussain,13,1,2,9,97.01,52.94,98,99.77,2823.61,5,P1
CUST000679,Hannah Taylor,13,8,5,0,97.0,83.03,100,98.99,336.67,6,P1
CUST000631,Lucas Wright,8,2,4,2,96.99,70.04,98,99.73,310.34,8,P1
CUST000830,Amelia Hall,17,1,2,8,96.88,43.6,100,97.19,1092.91,9,P1
CUST000549,Maya Smith,12,1,6,5,96.76,66.82,100,97.22,975.63,12,P1
CUST000738,Muhammad Clarke,6,1,4,1,96.48,72.71,100,96.19,227.48,1,P1
CUST000497,Grace Ahmed,13,2,1,9,96.45,55.34,100,99.82,2732.48,9,P1
CUST000058,Maya Clarke,9,2,1,3,96.41,52.42,95,92.21,880.74,8,P1
CUST000033,Amelia Wright,19,1,5,10,96.35,51.82,100,95.88,1322.31,10,P1
CUST000814,Adam Brown,11,1,5,2,96.22,53.09,100,95.55,573.17,8,P1
CUST000077,Noah Jones,13,3,8,2,96.14,71.04,100,96.21,861.35,2,P1
CUST000728,Lucas Davies,5,1,0,4,96.08,57.04,96,99.69,2896.5,1,P1
CUST000661,Aisha Ahmed,8,3,4,1,96.0,78.03,100,94.99,736.03,4,P1
CUST000755,Hannah Ahmed,15,1,3,10,95.92,55.76,100,97.72,583.83,10,P1
CUST000754,Lucas Khan,11,1,3,6,95.77,54.17,100,98.74,2147.38,8,P1
CUST000420,Daniel Jones,10,1,1,8,95.64,51.98,100,94.09,474.96,6,P1
CUST000390,Ethan Robinson,8,1,2,4,95.22,57.91,100,99.78,3866.69,4,P1
CUST000119,Adam Hall,9,2,3,3,95.12,62.49,100,94.86,611.14,8,P1
CUST000026,James Hall,8,1,2,4,95.03,54.89,98,96.85,4536.78,4,P1
CUST000101,Noah Walker,10,3,3,3,94.75,65.03,100,92.5,460.39,10,P1
CUST000137,Daniel Ahmed,10,1,8,1,94.73,71.34,98,94.07,2587.43,1,P1
CUST000032,Amelia Brown,8,1,2,5,94.57,60.0,100,96.82,1563.38,4,P1
CUST000070,Daniel Wilson,8,1,0,6,94.4,43.28,98,93.24,3047.38,1,P1
CUST000652,Muhammad Hall,2,1,0,0,94.37,57.66,98,93.18,46.25,1,P1
CUST000846,Ali Jones,7,1,1,2,94.28,48.35,93,98.58,242.72,3,P1
CUST000486,Isabella Khan,15,3,6,6,94.14,64.65,93,98.23,822.26,13,P1
CUST000889,Isabella Miller,8,1,1,6,94.07,58.6,100,99.86,1505.73,6,P1
CUST000713,Ali Clarke,11,1,1,5,94.05,45.95,93,98.0,720.32,4,P1
CUST000706,Maya Taylor,10,1,0,4,93.56,36.82,98,91.14,570.21,2,P1
CUST000537,Lucas Walker,7,1,0,5,93.5,54.25,93,97.78,368.75,3,P1
CUST000181,Leo Davies,7,1,1,5,93.47,52.8,97,96.46,169.81,6,P1
CUST000386,Ali Miller,10,1,4,5,93.31,59.31,93,96.16,582.35,8,P1
CUST000571,Fatima Patel,6,1,1,3,93.31,54.36,93,96.14,1466.93,4,P1
CUST000757,Lucas Clarke,8,2,3,3,93.3,66.67,100,96.05,315.06,5,P1
CUST000773,Muhammad Davies,5,1,1,2,93.14,52.5,98,90.11,6888.03,2,P1
CUST000879,Fatima Hussain,14,4,6,4,92.86,67.08,100,98.17,4644.88,14,P1
CUST000776,Mia Clarke,10,1,3,2,92.77,51.37,93,94.79,536.1,7,P1
CUST000807,Amelia Ali,12,1,1,3,92.55,37.32,93,94.26,682.94,2,P1
CUST000531,Maya Green,7,1,0,6,92.1,50.99,100,85.26,285.93,3,P1
CUST000030,Leo Wilson,13,1,3,8,92.04,52.41,100,92.46,4738.87,8,P1
CUST000375,Daniel Brown,13,2,2,9,91.92,58.31,88,98.3,10406.97,10,P1
CUST000897,Fatima Green,10,1,0,9,91.88,49.63,100,90.55,698.28,6,P1
CUST000213,Daniel Smith,13,1,5,6,91.85,58.03,91,98.44,993.6,7,P1
CUST000797,Adam Wright,9,1,3,5,91.63,55.79,93,97.12,616.66,3,P1
CUST000612,Aisha Hall,2,1,1,0,91.39,78.59,94,90.22,31.97,2,P1
CUST000741,Grace Wright,8,4,4,0,91.25,78.2,100,99.49,528.57,4,P1
CUST000133,Aisha Robinson,6,1,0,3,91.11,50.24,89,95.14,259.83,2,P1
CUST000329,Noah Thomas,12,1,1,6,90.89,48.59,89,95.52,2959.92,4,P1
CUST000886,Oliver Patel,9,1,0,8,90.84,53.63,100,90.04,631.58,5,P1
CUST000813,Adam Ali,8,1,1,4,90.64,48.4,93,93.03,6760.45,2,P1
CUST000647,Muhammad Hall,6,1,0,1,90.48,36.97,93,89.08,205.14,1,P1
CUST000378,Muhammad Hussain,10,1,0,8,90.38,43.81,88,97.1,689.24,1,P1
CUST000948,Grace Young,15,1,4,5,90.21,47.53,85,97.39,928.86,11,P1
CUST000156,Aisha Patel,6,1,2,1,90.14,54.34,98,97.49,9458.95,5,P1
CUST000522,Ali Young,5,2,3,0,90.14,79.62,89,92.72,325.32,1,P1
CUST000608,Lucas Walker,10,1,0,8,90.11,45.25,83,99.41,386.92,4,P1
CUST000676,Sophia Wright,4,1,0,3,90.0,56.02,88,93.51,2729.46,1,P1
CUST000529,Fatima Ali,9,1,2,4,89.94,51.41,100,99.84,9040.18,4,P1
CUST000281,Leo Hall,8,2,1,3,89.9,55.64,100,99.75,11614.03,3,P1
CUST000609,Mia Green,7,1,0,6,89.85,47.78,93,87.51,905.78,1,P1
CUST000519,Oliver Thomas,8,2,4,2,89.67,69.65,100,99.18,4082.76,8,P1
CUST000880,Daniel Patel,9,1,2,4,89.65,50.68,93,87.0,533.05,7,P1
CUST000322,Mia Ahmed,9,1,1,4,89.54,50.91,100,98.85,2110.6,9,P1
CUST000328,Adam Miller,11,1,5,5,89.41,61.08,100,98.53,5944.19,7,P1
CUST000247,Isabella Thomas,12,1,0,11,89.22,49.51,100,94.87,535.02,6,P1
CUST000012,Maya Walker,11,1,2,4,89.06,45.49,100,89.71,2718.42,5,P1
CUST000707,Sophia Ahmed,9,1,3,4,88.89,55.77,93,85.11,254.16,6,P1
CUST000560,Zara Green,8,1,1,6,88.75,55.88,93,99.48,3372.29,3,P1
CUST000044,Lucas Walker,6,1,3,1,88.63,60.49,97,99.94,8251.42,4,P1
CUST000748,Daniel Khan,9,1,1,3,88.62,41.94,100,97.73,5190.5,2,P1
CUST000633,James Clarke,10,2,1,5,88.5,50.6,98,93.88,635.22,3,P1
CUST000470,Isabella Hussain,7,1,0,6,88.21,48.93,97,86.75,1303.96,3,P1
CUST000151,Ali Wilson,10,2,7,1,88.1,71.72,100,99.09,374.19,10,P1
CUST000419,Sophia Thomas,16,1,4,6,87.83,46.06,97,97.94,6751.08,10,P1
CUST000043,Isabella Brown,8,1,1,6,87.73,54.43,100,86.38,244.44,6,P1
CUST000446,Amelia Walker,6,1,1,2,87.72,51.9,88,93.97,516.71,2,P1
CUST000188,Leo Davies,11,1,4,5,87.62,56.62,100,99.47,13828.54,8,P1
CUST000823,Aisha Wilson,7,2,0,2,87.37,46.53,88,93.66,370.57,1,P1
CUST000072,Leo Ahmed,12,1,2,8,87.22,54.09,90,98.82,808.2,7,P1
CUST000681,Fatima Walker,5,1,1,3,87.1,59.57,100,99.63,370.66,2,P1
CUST000580,Muhammad Ali,13,2,6,5,87.08,67.11,100,99.35,775.22,13,P1
CUST000285,Aisha Miller,8,1,2,4,86.98,58.48,96,99.13,7236.48,4,P1
CUST000535,Zara Clarke,5,1,0,4,86.67,49.23,100,72.7,201.33,3,P1
CUST001000,Hannah Hussain,12,1,1,8,86.64,49.36,88,97.84,872.85,1,P1
CUST000191,Adam Miller,15,1,4,10,86.62,54.53,87,88.42,2554.23,12,P1
CUST000637,Isabella Wright,11,1,2,8,86.36,53.51,100,85.03,643.97,8,P1
CUST000064,Fatima Ali,9,1,0,5,86.35,42.06,93,91.25,863.63,2,P1
CUST000373,Zara Brown,7,1,0,4,86.19,44.87,83,89.59,795.62,2,P1
CUST000785,Leo Hall,5,1,1,3,85.91,60.06,91,99.89,3280.99,3,P1
CUST000138,Mia Hall,11,1,0,5,85.88,38.03,96,94.21,6731.97,5,P1
CUST000657,Lucas Robinson,5,1,0,1,85.71,39.61,88,95.28,160.79,0,P1
CUST000539,Zara Wright,10,1,3,6,85.7,57.12,85,95.48,4992.37,5,P1
CUST000016,James Taylor,6,1,2,2,85.6,57.44,91,99.12,401.0,4,P1
CUST000042,Grace Green,14,2,0,8,85.56,44.87,100,96.32,6379.42,8,P1
CUST000576,Mia Miller,5,1,0,3,85.54,53.22,88,94.84,6105.42,0,P1
CUST000595,Zara Taylor,7,1,0,4,85.45,41.03,83,87.75,245.5,2,P1
CUST000291,Adam Patel,10,2,6,2,85.33,67.59,100,95.96,919.4,10,P1
CUST000430,Ali Taylor,9,2,1,3,85.07,47.31,94,96.42,983.5,1,P1
CUST000638,Maya Young,7,1,0,4,84.96,45.14,88,93.39,352.28,0,P1
CUST000817,Ethan Davies,6,1,0,4,84.84,50.74,89,83.63,257.73,3,P1
CUST000456,Hannah Walker,2,1,0,0,84.71,57.52,94,93.53,8354.85,1,P1
CUST000572,Noah Taylor,4,1,0,2,84.6,46.8,94,93.26,6970.15,1,P1
CUST000384,Isabella Wright,3,1,1,1,84.54,64.2,89,98.72,2036.65,3,P1
CUST000702,Sophia Khan,9,1,0,8,84.45,51.53,83,97.74,3941.54,4,P1
CUST000243,Zara Green,7,1,2,4,84.32,57.19,100,92.96,458.51,5,P1
CUST000963,Lucas Young,8,1,0,5,84.16,44.13,91,95.53,367.39,6,P1
CUST000034,Isabella Ahmed,3,1,1,1,84.14,64.59,93,96.98,2280.93,2,P1
CUST000791,Grace Wright,7,2,1,4,84.07,57.92,89,98.55,18400.01,5,P1
CUST000947,Amelia Brown,5,2,0,3,83.89,56.89,87,99.96,4410.89,3,P1
CUST000699,Leo Young,7,1,2,4,83.73,66.5,81,99.55,860.82,6,P1
CUST000331,Lucas Jones,7,1,1,4,83.69,46.67,62,96.97,10363.13,2,P1
CUST000662,Ali Taylor,7,1,1,5,83.41,54.53,84,99.92,266.94,3,P1
CUST000732,Amelia Hall,12,1,3,5,83.28,47.14,87,97.83,6532.29,4,P1
CUST000305,Ethan Khan,7,1,0,6,83.25,51.67,61,97.01,2728.83,2,P1
CUST000658,Sophia Davies,13,1,2,9,83.18,50.5,86,80.3,841.14,12,P1
CUST000851,Maya Wilson,6,1,2,3,83.02,63.75,73,98.39,10457.65,2,P1
CUST000562,Daniel Thomas,11,1,0,8,82.89,45.26,79,98.34,464.33,2,P1
CUST000517,Mia Wilson,8,1,3,1,82.75,50.54,99,92.81,284.3,6,P1
CUST000777,Grace Ahmed,3,1,0,2,82.59,56.48,86,97.23,9211.31,2,P1
CUST000311,Oliver Davies,5,1,1,3,82.39,52.07,88,95.12,231.36,2,P1
CUST000617,Isabella Walker,12,1,2,6,82.28,47.62,100,96.86,438.84,8,P1
CUST000654,Sophia Hall,6,1,0,3,82.03,46.57,93,75.84,7472.91,3,P1
CUST000938,Grace Smith,8,1,2,5,82.02,53.66,88,90.6,752.2,0,P1
CUST000591,Ali Hall,16,1,9,6,81.73,63.01,88,96.72,7983.63,16,P1
CUST000323,Maya Smith,6,1,1,1,81.73,46.96,94,75.12,2666.49,3,P1
CUST000736,James Davies,6,1,0,4,81.72,49.28,98,70.88,687.38,3,P1
CUST000692,Maya Patel,8,1,2,5,81.45,59.59,81,100.0,5655.49,7,P1
CUST000573,Hannah Clarke,9,1,3,5,81.44,56.28,73,99.36,4493.31,5,P1
CUST000974,Zara Brown,13,1,2,8,81.3,51.0,82,98.51,750.31,8,P1
CUST000167,Adam Ali,8,1,0,6,81.28,42.14,78,95.44,374.54,1,P1
CUST000993,Aisha Thomas,9,1,2,6,80.99,60.43,81,99.98,358.86,5,P1
CUST000232,Fatima Wilson,7,1,0,6,80.96,49.64,84,95.41,1940.41,4,P1
CUST000274,Ethan Patel,8,1,3,2,80.92,54.52,81,97.11,227.83,5,P1
CUST000201,Grace Taylor,7,1,0,3,80.79,43.21,83,98.13,6730.14,1,P1
CUST000355,Aisha Taylor,8,1,0,4,80.55,43.92,73,99.26,6910.51,3,P1
CUST000178,Grace Davies,12,1,4,7,80.51,57.56,81,99.45,12346.06,6,P1
CUST000423,Mia Thomas,6,1,1,2,80.43,50.27,81,97.45,257.32,2,P1
CUST000105,Leo Thomas,8,1,1,0,80.36,38.57,86,91.64,3899.91,3,P1
CUST000914,Mia Hall,12,1,4,7,80.33,55.15,79,99.44,7299.77,5,P1
CUST000112,Daniel Thomas,8,1,0,5,80.32,47.57,100,80.39,304.67,5,P1
CUST000194,Grace Young,7,1,1,5,80.24,56.21,79,99.23,3111.27,4,P1
CUST000726,Zara Thomas,8,0,2,2,79.79,40.51,93,93.4,10871.02,1,P2
CUST000997,Ethan Young,4,0,2,1,79.76,52.4,79,98.02,2551.22,3,P2
CUST000770,Grace Green,5,0,3,2,79.73,62.37,83,89.61,8437.37,2,P2
CUST000066,Aisha Clarke,3,0,1,2,79.64,55.43,77,99.97,8242.76,1,P2
CUST000629,Sophia Miller,8,0,2,5,79.55,53.31,76,99.8,3379.89,4,P2
CUST000302,Noah Wright,9,0,1,8,79.51,53.68,77,99.66,420.8,6,P2
CUST000279,Grace Hussain,3,0,2,0,79.45,53.98,77,99.51,5822.77,2,P2
CUST000973,Lucas Ahmed,5,0,2,3,79.41,52.08,73,96.41,136.63,1,P2
CUST000839,Isabella Wilson,5,0,1,2,79.31,46.65,81,94.66,4131.84,3,P2
CUST000368,Aisha Taylor,7,0,2,4,79.22,51.15,83,92.77,4136.55,3,P2
CUST000069,Leo Wright,13,0,10,3,79.21,66.04,81,99.67,569.08,13,P2
CUST000120,Daniel Green,11,0,6,4,79.2,56.2,66,99.74,6544.06,6,P2
CUST000527,Grace Hussain,11,0,4,7,79.2,55.72,79,99.99,12557.09,5,P2
CUST000868,Isabella Miller,5,0,1,3,79.17,46.26,73,95.79,373.66,0,P2
CUST000957,Daniel Ali,7,0,2,3,79.14,48.69,83,97.28,559.76,3,P2
CUST000416,Maya Thomas,5,0,1,4,79.13,49.77,78,90.07,420.6,1,P2
CUST000725,Ethan Young,10,0,5,5,79.12,58.85,77,99.56,6111.12,5,P2
CUST000786,Leo Jones,8,0,4,4,79.08,55.53,83,99.71,8066.85,2,P2
CUST000688,Oliver Clarke,9,0,2,7,79.02,49.73,76,99.54,16002.51,5,P2
CUST000233,Ali Robinson,5,0,1,4,78.96,49.39,78,89.64,270.12,3,P2
CUST000766,James Walker,6,0,3,1,78.59,49.56,78,88.73,5117.03,3,P2
CUST000812,Muhammad Young,11,0,6,5,78.5,60.27,83,88.51,613.24,0,P2
CUST000393,Mia Brown,6,0,1,2,78.47,39.71,79,87.29,307.97,1,P2
CUST000976,Muhammad Young,11,0,5,5,78.46,57.94,75,99.27,4963.3,5,P2
CUST000111,Daniel Clarke,14,0,7,4,78.31,52.38,81,92.15,4439.53,11,P2
CUST000449,Zara Khan,9,0,3,3,78.31,46.03,82,91.03,12982.06,3,P2
CUST000910,Mia Brown,11,0,8,3,78.27,67.18,87,98.1,2325.33,11,P2
CUST000870,Fatima Patel,10,0,4,2,78.2,46.45,73,84.87,2249.09,3,P2
CUST000871,Oliver Wilson,9,0,2,3,78.2,40.67,79,97.51,839.16,3,P2
CUST000909,Fatima Robinson,2,0,1,1,78.19,57.41,84,88.48,4719.7,1,P2
CUST000293,James Walker,9,0,2,3,78.18,42.99,75,98.57,10998.31,1,P2
CUST000627,Daniel Taylor,5,0,5,0,78.09,70.09,83,97.87,313.93,0,P2
CUST000987,Zara Ali,5,0,1,2,78.09,39.94,69,97.61,353.04,1,P2
CUST000240,Isabella Hall,12,0,5,7,78.07,55.2,76,99.76,5775.87,7,P2
CUST000962,Noah Wilson,10,0,2,7,78.07,49.61,73,97.76,449.96,3,P2
CUST000663,Lucas Hussain,4,0,2,2,78.07,55.78,82,90.43,5167.94,2,P2
CUST000461,Maya Clarke,7,0,2,2,77.98,40.57,88,83.54,568.66,1,P2
CUST000683,Zara Thomas,7,0,2,5,77.97,55.56,79,96.02,3360.25,5,P2
CUST000895,Daniel Clarke,9,0,1,4,77.87,40.14,76,96.67,5717.34,4,P2
CUST000039,Aisha Wilson,7,0,1,3,77.78,37.52,88,75.44,389.71,0,P2
CUST000095,Leo Walker,8,0,3,5,77.72,52.34,73,92.17,359.97,2,P2
CUST000884,Oliver Thomas,5,0,2,2,77.67,52.58,83,99.31,232.87,3,P2
CUST000920,Ali Miller,8,0,1,3,77.65,36.12,86,84.88,509.35,3,P2
CUST000722,Sophia Davies,4,0,2,1,77.47,50.24,68,97.17,229.59,0,P2
CUST000298,Maya Hussain,10,0,2,5,77.39,42.18,76,95.47,4050.85,3,P2
CUST000505,Mia Thomas,2,0,2,0,77.27,76.4,88,95.34,94.84,1,P2
CUST000325,Ethan Walker,5,0,3,2,77.26,58.81,88,85.29,330.9,4,P2
CUST000089,Adam Wright,6,0,2,3,77.25,51.44,79,97.37,458.51,1,P2
CUST000371,Aisha Hall,5,0,2,1,77.22,49.01,83,84.18,289.56,0,P2
CUST000391,Grace Thomas,6,0,2,3,77.19,46.85,76,94.97,6323.25,2,P2
CUST000106,Hannah Patel,8,0,5,2,77.13,56.9,80,87.42,6428.18,6,P2
CUST000787,Leo Young,8,0,4,4,77.09,59.86,75,95.86,4487.57,8,P2
CUST000710,Leo Walker,11,0,3,2,77.07,41.17,75,92.37,416.92,5,P2
CUST000090,Aisha Davies,8,0,2,5,77.0,49.14,83,94.5,5429.28,2,P2
CUST000978,Fatima Patel,8,0,2,3,77.0,41.6,72,99.0,7630.11,1,P2
CUST000714,Maya Thomas,8,0,2,3,76.97,40.74,72,98.92,3896.06,2,P2
CUST000677,Lucas Wilson,4,0,1,0,76.88,40.2,89,59.57,117.87,1,P2
CUST000720,Oliver Hall,8,0,1,3,76.78,39.18,70,93.2,3353.87,1,P2
CUST000028,Adam Smith,9,0,3,6,76.62,55.06,73,92.83,339.86,5,P2
CUST000118,Lucas Brown,9,0,4,4,76.61,53.6,91,81.97,4533.64,7,P2
CUST000457,Daniel Hussain,7,0,6,1,76.57,65.31,81,93.22,605.1,7,P2
CUST000526,Grace Davies,6,0,2,2,76.54,47.12,93,73.52,5662.58,3,P2
CUST000266,Ali Wright,6,0,4,2,76.51,62.8,71,98.89,1769.39,5,P2
CUST000193,Ali Hussain,8,0,3,5,76.49,53.45,88,90.19,297.35,2,P2
CUST000489,Aisha Brown,7,0,2,1,76.49,43.97,73,99.68,462.24,1,P2
CUST000954,Amelia Wilson,8,0,3,5,76.39,59.85,71,98.61,793.17,5,P2
CUST000284,Noah Ali,6,0,2,2,76.38,49.24,88,89.31,3787.79,1,P2
CUST000583,Fatima Wilson,4,0,1,3,76.31,55.16,63,99.9,446.05,2,P2
CUST000011,Noah Ahmed,14,0,3,10,76.29,49.77,71,98.36,622.24,8,P2
CUST000203,James Patel,3,0,1,1,76.23,50.79,79,87.99,100.28,0,P2
CUST000352,Zara Brown,10,0,2,5,76.18,42.76,93,85.94,3934.24,3,P2
CUST000346,Adam Clarke,8,0,3,3,76.17,53.44,71,98.05,4210.64,6,P2
CUST000750,Ali Khan,8,0,1,7,76.07,49.78,73,98.14,1181.59,1,P2
CUST000476,Zara Brown,10,0,1,6,75.99,45.46,73,95.36,572.76,4,P2
CUST000398,Fatima Jones,2,0,2,0,75.96,69.4,83,76.53,93.06,0,P2
CUST000844,Noah Davies,7,0,2,2,75.89,44.45,83,85.08,345.84,0,P2
CUST000853,Isabella Walker,15,0,6,9,75.79,57.04,78,96.81,721.6,7,P2
CUST000234,James Patel,6,0,1,4,75.54,49.53,88,89.55,165.16,1,P2
CUST000480,Leo Davies,9,0,5,4,75.53,61.02,71,99.38,397.55,7,P2
CUST000998,Mia Clarke,12,0,3,7,75.46,48.43,57,96.56,3986.09,5,P2
CUST000484,Noah Wright,12,0,6,6,75.43,55.61,76,96.93,4448.59,6,P2
CUST000488,Maya Ahmed,3,0,1,1,75.43,48.51,79,49.7,235.08,1,P2
CUST000508,Hannah Walker,4,0,1,2,75.39,51.6,78,97.44,910.53,0,P2
CUST000911,Ethan Clarke,8,0,2,3,75.36,50.29,81,89.87,316.24,8,P2
CUST000022,Zara Miller,7,0,2,3,75.31,51.7,78,95.91,4251.67,2,P2
CUST000146,Adam Patel,7,0,3,4,75.28,57.88,71,99.93,318.79,4,P2
CUST000275,Adam Ali,9,0,2,5,75.21,46.97,66,86.7,607.0,6,P2
CUST000376,Oliver Smith,10,0,5,4,75.2,57.56,76,99.01,11223.03,8,P2
CUST000701,Sophia Ali,11,0,2,6,75.18,42.46,88,78.62,3661.75,3,P2
CUST000299,Oliver Hussain,9,0,2,7,75.15,50.31,72,99.52,6853.92,4,P2
CUST000052,Maya Ahmed,8,0,1,7,75.1,52.28,71,95.38,8334.12,1,P2
CUST000407,Mia Green,5,0,2,3,75.06,56.78,71,95.27,7630.7,4,P2
CUST000123,Daniel Ali,6,0,1,2,75.05,38.4,65,94.49,8898.62,1,P2
CUST000160,Aisha Walker,8,0,1,7,75.04,45.43,71,95.22,5708.91,3,P2
CUST000236,Aisha Green,9,0,2,3,75.0,40.86,67,99.62,2872.52,3,P2
CUST000518,Mia Patel,3,0,2,1,74.94,59.17,83,85.05,168.7,1,P2
CUST000396,Zara Miller,4,0,1,3,74.9,51.26,67,99.37,85.53,1,P2
CUST000752,Mia Young,11,0,6,5,74.88,58.0,68,99.43,5000.69,7,P2
CUST000185,Oliver Clarke,11,0,6,5,74.82,60.86,67,99.53,802.6,9,P2
CUST000792,Noah Khan,16,0,3,8,74.78,46.46,68,97.96,611.53,10,P2
CUST000724,Sophia Walker,4,0,2,1,74.63,51.46,73,84.45,3516.51,2,P2
CUST000975,Ethan Patel,10,0,5,4,74.62,54.7,66,99.81,399.37,5,P2
CUST000443,Mia Hall,5,0,1,2,74.61,47.63,82,81.77,14024.31,3,P2
CUST000780,Lucas Smith,9,0,2,4,74.6,48.64,67,98.63,305.21,3,P2
CUST000709,Ethan Davies,12,0,2,5,74.56,40.23,76,95.92,734.74,5,P2
CUST000733,Maya Taylor,4,0,3,1,74.38,64.35,66,99.19,7356.65,3,P2
CUST000603,Oliver Hussain,9,0,3,6,74.37,53.91,62,94.56,528.83,5,P2
CUST000050,Adam Wright,9,0,5,4,74.22,62.31,76,96.54,298.83,9,P2
CUST000675,Mia Patel,3,0,2,1,74.22,62.05,88,72.54,176.52,2,P2
CUST000953,Aisha Green,9,0,3,4,74.13,50.51,72,99.57,2602.36,2,P2
CUST000139,Hannah Patel,8,0,3,5,74.07,58.42,62,98.86,1138.13,7,P2
CUST000183,Zara Ahmed,7,0,1,5,74.05,47.21,66,98.37,260.44,3,P2
CUST000818,Grace Hall,4,0,1,1,74.04,49.77,55,84.11,147.84,1,P2
CUST000764,Grace Ali,8,0,4,3,73.98,58.56,66,98.2,282.22,6,P2
CUST000458,Grace Green,3,0,1,2,73.92,55.63,66,98.06,5904.61,3,P2
CUST000593,Adam Jones,9,0,6,3,73.91,57.52,66,98.03,3064.44,4,P2
CUST000852,Lucas Robinson,3,0,1,1,73.89,47.94,83,74.17,72.28,1,P2
CUST000859,Daniel Jones,8,0,4,4,73.84,58.33,66,97.85,2551.19,7,P2
CUST000426,Aisha Wright,13,0,3,9,73.83,53.51,71,99.32,584.33,7,P2
CUST000589,James Miller,8,0,1,4,73.77,44.49,73,82.31,288.68,4,P2
CUST000742,Grace Ali,5,0,2,1,73.71,49.55,67,97.56,154.7,2,P2
CUST000408,Lucas Green,5,0,1,2,73.66,45.11,83,85.31,465.35,1,P2
CUST000842,Sophia Walker,7,0,4,2,73.53,57.29,67,95.61,2310.17,5,P2
CUST000918,Oliver Patel,6,0,1,3,73.52,41.03,66,97.05,5764.56,2,P2
CUST000761,James Wright,7,0,4,2,73.51,55.09,66,97.02,8997.68,6,P2
CUST000901,Lucas Miller,9,0,2,5,73.48,46.22,76,94.33,5847.07,2,P2
CUST000365,Isabella Jones,12,0,2,9,73.27,52.6,67,98.04,516.18,5,P2
CUST000989,Zara Jones,13,0,5,8,73.21,55.47,63,99.65,3669.89,9,P2
CUST000270,Sophia Walker,5,0,3,2,73.17,56.5,71,91.58,143.17,3,P2
CUST000943,Zara Ali,8,0,2,5,73.16,53.0,69,94.82,449.15,4,P2
CUST000721,Sophia Wilson,8,0,1,7,73.11,46.05,66,97.71,381.94,1,P2
CUST000158,Leo Khan,9,0,3,5,73.06,56.03,67,94.78,6242.0,7,P2
CUST000942,Fatima Thomas,17,0,7,8,73.01,55.7,71,98.6,676.22,7,P2
CUST000300,Noah Smith,5,0,1,3,72.97,47.34,66,95.68,9754.01,2,P2
CUST000809,Aisha Hall,11,0,6,5,72.94,56.35,63,99.88,692.63,7,P2
CUST000767,Zara Green,7,0,1,5,72.86,47.49,60,94.65,4894.37,2,P2
CUST000894,Mia Wright,3,0,1,1,72.86,47.8,66,95.4,484.52,2,P2
CUST000114,Sophia Taylor,4,0,1,1,72.78,44.36,83,68.58,334.39,1,P2
CUST000958,James Hall,2,0,2,0,72.75,68.03,63,88.74,251.53,2,P2
CUST000060,Amelia Thomas,3,0,1,2,72.69,51.48,83,72.77,159.57,1,P2
CUST000405,Daniel Walker,7,0,1,2,72.66,37.78,78,73.91,4278.71,1,P2
CUST000944,Leo Clarke,4,0,1,1,72.58,41.89,71,89.07,2205.12,1,P2
CUST000674,Maya Ahmed,10,0,3,6,72.54,51.81,63,98.79,654.79,6,P2
CUST000010,Hannah Ahmed,6,0,3,3,72.5,59.14,71,97.46,657.78,5,P2
CUST000341,Mia Wright,12,0,4,7,72.47,50.79,65,91.51,3149.55,4,P2
CUST000959,Hannah Wright,9,0,2,4,72.45,46.19,83,92.36,3622.07,3,P2
CUST000388,Zara Ali,5,0,2,2,72.43,49.54,83,80.05,7255.2,1,P2
CUST000161,Noah Brown,4,0,2,1,72.42,54.96,62,98.8,2697.65,3,P2
CUST000550,Mia Thomas,7,0,1,4,72.38,46.88,61,99.83,4925.95,2,P2
CUST000890,Aisha Robinson,4,0,1,2,72.36,47.18,62,98.64,199.28,1,P2
CUST000826,Fatima Ahmed,11,0,2,8,72.32,46.53,55,97.77,4319.53,3,P2
CUST000076,Mia Young,8,0,5,1,72.3,55.49,77,96.09,414.95,5,P2
CUST000986,Hannah Khan,5,0,1,2,72.27,41.58,60,77.0,782.3,1,P2
CUST000283,Amelia Patel,4,0,1,1,72.27,46.01,83,80.93,328.79,2,P2
CUST000802,Maya Young,6,0,1,2,72.25,39.54,73,78.5,187.12,2,P2
CUST000482,Muhammad Khan,4,0,1,2,72.15,50.16,71,88.69,3283.27,2,P2
CUST000316,Zara Ali,8,0,4,3,72.13,52.74,73,98.07,3012.81,5,P2
CUST000092,Lucas Smith,6,0,3,3,72.13,52.27,66,93.58,1479.26,3,P2
CUST000177,Lucas Wright,8,0,1,6,72.11,48.09,61,99.16,4882.52,3,P2
CUST000102,Mia Smith,7,0,1,6,72.11,56.56,71,95.9,143.79,3,P2
CUST000541,Grace Brown,6,0,1,3,72.08,46.2,71,87.82,2555.01,2,P2
CUST000932,Maya Patel,5,0,1,3,72.08,47.55,61,99.07,3353.35,2,P2
CUST000172,Ali Wilson,8,0,4,2,72.05,49.1,84,88.26,436.44,3,P2
CUST000294,Maya Davies,9,0,2,4,72.04,44.9,76,86.61,306.74,4,P2
CUST000054,Aisha Thomas,7,0,1,4,72.03,41.94,68,91.08,6053.91,2,P2
CUST000590,Muhammad Davies,6,0,1,5,72.03,47.7,61,98.94,3477.61,4,P2
CUST000217,Oliver Ahmed,10,0,3,6,71.98,53.03,72,93.56,632.67,8,P2
CUST000182,James Jones,6,0,2,1,71.92,43.49,61,98.67,412.77,2,P2
CUST000307,Ethan Robinson,7,0,2,5,71.89,50.07,61,99.28,6408.26,3,P2
CUST000468,Lucas Clarke,5,0,1,2,71.88,40.85,83,66.33,200.55,1,P2
CUST000533,Fatima Jones,4,0,1,1,71.88,44.09,63,96.33,120.77,1,P2
CUST000646,Mia Miller,12,0,1,8,71.84,43.66,66,95.67,629.85,4,P2
CUST000705,Fatima Taylor,12,0,4,7,71.75,54.04,71,98.26,8865.61,8,P2
CUST000260,Hannah Hall,8,0,1,7,71.71,56.2,69,89.16,267.27,8,P2
CUST000718,Zara Walker,10,0,1,7,71.54,45.23,62,96.6,3314.47,2,P2
CUST000319,Zara Hussain,4,0,1,2,71.53,48.43,67,92.93,139.7,2,P2
CUST000834,Maya Davies,5,0,3,1,71.47,60.37,66,97.54,112.38,3,P2
CUST000630,Isabella Taylor,4,0,2,1,71.45,50.63,60,99.04,231.6,1,P2
CUST000442,Lucas Wright,8,0,1,6,71.42,46.29,78,85.52,369.87,2,P2
CUST000810,Grace Taylor,6,0,3,3,71.41,55.16,61,97.4,4349.79,3,P2
CUST000878,Zara Ali,7,0,3,4,71.33,57.09,66,97.25,3479.47,3,P2
CUST000544,Leo Walker,7,0,1,4,71.28,42.07,62,95.99,274.96,1,P2
CUST000258,Ethan Jones,15,0,1,14,71.26,51.61,82,89.13,1136.96,13,P2
CUST000169,Fatima Patel,10,0,1,9,71.23,49.25,71,95.77,464.74,6,P2
CUST000264,Lucas Walker,13,0,3,10,71.2,52.53,78,87.23,1734.75,7,P2
CUST000696,Maya Hall,10,0,3,6,71.14,46.51,71,98.62,1944.95,5,P2
CUST000992,Amelia Patel,4,0,1,3,71.11,52.86,65,96.38,296.69,0,P2
CUST000990,Oliver Smith,5,0,1,3,71.1,46.04,55,98.22,411.08,0,P2
CUST000187,Lucas Ahmed,10,0,1,8,71.05,44.57,58,99.87,708.57,1,P2
CUST000410,Adam Young,7,0,1,5,71.05,42.68,88,83.07,277.76,1,P2
CUST000290,Grace Young,10,0,1,6,71.04,39.8,66,90.84,626.2,2,P2
CUST000347,Noah Smith,8,0,4,2,71.0,51.51,72,99.02,544.79,4,P2
CUST000342,James Ali,5,0,1,2,70.99,45.45,66,90.73,5406.0,1,P2
CUST000516,Maya Walker,5,0,1,2,70.97,36.97,66,90.68,538.46,1,P2
CUST000804,Mia Ahmed,10,0,2,8,70.96,49.54,61,96.27,4077.66,4,P2
CUST000829,Grace Thomas,5,0,1,3,70.86,49.77,79,85.46,1925.56,3,P2
CUST000362,Ethan Taylor,5,0,2,3,70.77,52.84,61,95.8,3442.16,3,P2
CUST000142,Fatima Smith,5,0,1,1,70.73,38.33,88,94.96,132.5,0,P2
CUST000682,Adam Walker,5,0,2,1,70.73,47.68,62,94.58,302.05,3,P2
CUST000327,Muhammad Davies,5,0,1,3,70.65,45.68,71,87.79,249.36,2,P2
CUST000745,Amelia Miller,11,0,2,8,70.57,47.95,61,95.3,803.94,2,P2
CUST000025,Muhammad Ali,5,0,1,2,70.56,43.15,68,87.4,11833.7,3,P2
CUST000059,Noah Wilson,4,0,2,2,70.42,56.13,66,98.29,8823.53,3,P2
CUST000231,Isabella Ali,3,0,1,2,70.39,54.19,66,89.23,223.18,2,P2
CUST000295,Lucas Taylor,2,0,1,1,70.39,55.93,78,68.22,45.59,1,P2
CUST000088,Muhammad Wright,10,0,2,7,70.37,50.01,66,99.29,618.53,7,P2
CUST000005,Maya Green,8,0,2,5,70.37,52.64,66,89.18,14275.21,3,P2
CUST000498,Aisha Young,12,0,1,4,70.32,37.87,66,89.04,1353.52,4,P2
CUST000210,Oliver Walker,8,0,1,5,70.25,41.91,63,92.24,319.04,7,P2
CUST000525,Ali Young,11,0,1,5,70.24,39.28,69,78.58,711.45,4,P2
CUST000399,Leo Davies,5,0,1,3,70.21,55.38,62,94.32,255.77,4,P2
CUST000055,Noah Hussain,3,0,1,1,70.21,44.05,61,94.41,1902.91,1,P2
CUST000237,Daniel Brown,5,0,1,3,70.19,43.32,56,85.84,372.26,3,P2
CUST000409,Adam Wright,9,0,1,6,70.18,43.74,62,95.66,1888.05,4,P2
CUST000869,Zara Wright,4,0,1,2,70.12,42.1,88,56.31,236.18,2,P2
CUST000083,Ali Patel,6,0,1,4,70.08,42.49,66,88.46,3496.56,3,P2
CUST000224,Lucas Green,10,0,3,3,70.07,45.03,73,87.86,3705.37,6,P2
CUST000477,Amelia Young,4,0,1,0,70.06,34.94,71,82.78,200.68,2,P2
CUST000068,Ali Robinson,8,0,2,5,69.95,49.54,79,98.91,317.37,1,P2
CUST000439,Grace Hussain,8,0,2,1,69.93,39.73,71,82.46,2711.03,4,P2
CUST000432,Leo Hall,5,0,1,1,69.92,37.37,71,82.42,368.38,1,P2
CUST000369,James Davies,12,0,2,10,69.91,47.83,55,98.78,621.97,2,P2
CUST000931,Lucas Wright,7,0,2,5,69.91,49.4,61,93.64,454.97,3,P2
CUST000109,Muhammad Ali,9,0,1,5,69.86,40.83,61,99.14,374.35,4,P2
CUST000925,Amelia Brown,8,0,4,3,69.85,57.27,66,97.99,1252.13,7,P2
CUST000578,Adam Walker,6,0,1,4,69.8,45.38,66,87.74,8249.05,3,P2
CUST000923,Lucas Ahmed,2,0,2,0,69.79,67.75,61,93.34,85.52,2,P2
CUST000919,Aisha Taylor,8,0,1,4,69.7,42.68,63,90.87,584.23,5,P2
CUST000041,Isabella Ali,5,0,1,3,69.69,44.33,71,81.85,197.75,3,P2
CUST000099,Hannah Hussain,6,0,1,3,69.68,45.73,56,98.71,4944.15,2,P2
CUST000900,Ethan Ahmed,13,0,2,6,69.66,45.82,63,97.7,712.85,5,P2
CUST000344,Adam Hall,7,0,1,2,69.59,36.19,73,77.87,363.49,2,P2
CUST000581,James Thomas,8,0,3,3,69.58,50.85,68,90.58,513.95,5,P2
CUST000141,Mia Green,6,0,2,3,69.58,53.4,57,97.33,526.84,2,P2
CUST000392,Adam Wilson,5,0,2,2,69.53,50.87,68,94.94,354.85,4,P2
CUST000827,Adam Hall,14,0,1,10,69.47,42.22,73,83.24,791.2,4,P2
CUST000970,Amelia Ahmed,7,0,3,3,69.42,52.5,66,95.21,453.04,3,P2
CUST000577,Mia Young,5,0,2,3,69.42,54.42,62,92.42,521.91,3,P2
CUST000620,Aisha Jones,7,0,1,6,69.4,48.49,56,98.01,380.4,3,P2
CUST000145,Adam Ahmed,9,0,1,6,69.36,41.46,58,97.59,3244.64,1,P2
CUST000463,Lucas Clarke,9,0,2,7,69.32,46.38,66,88.72,623.39,3,P2
CUST000588,Grace Patel,6,0,1,2,69.26,39.1,66,86.39,2688.17,2,P2
CUST000892,Ethan Smith,5,0,2,2,69.26,48.1,56,97.64,698.58,2,P2
CUST000387,Hannah Robinson,4,0,1,2,69.18,49.12,60,85.45,1718.64,1,P2
CUST000585,Adam Ali,9,0,2,3,69.14,39.69,67,84.97,526.77,4,P2
CUST000170,Ethan Robinson,6,0,1,5,69.1,45.5,88,89.33,3214.37,0,P2
CUST000207,Mia Wilson,4,0,1,2,69.02,42.61,62,90.3,1936.6,1,P2
CUST000067,Aisha Wright,4,0,1,3,68.96,54.71,57,98.96,642.4,1,P2
CUST000569,Zara Smith,4,0,1,3,68.94,54.17,60,86.07,138.21,2,P2
CUST000887,Daniel Khan,3,0,1,2,68.93,52.65,57,95.7,140.18,2,P2
CUST000600,Oliver Miller,8,0,1,2,68.9,36.18,66,85.51,3067.11,2,P2
CUST000174,Grace Taylor,6,0,1,4,68.89,50.67,88,76.94,229.87,1,P2
CUST000841,Zara Green,4,0,1,1,68.89,43.88,66,85.48,132.72,3,P2
CUST000850,Mia Brown,18,0,10,8,68.88,58.95,77,96.89,913.83,17,P2
CUST000928,Daniel Smith,4,0,1,2,68.86,45.93,63,88.78,197.8,3,P2
CUST000324,Oliver Miller,9,0,2,4,68.85,42.0,79,95.71,366.11,1,P2
CUST000176,Maya Ahmed,5,0,1,3,68.85,48.1,60,93.86,320.23,1,P2
CUST000225,Fatima Davies,7,0,1,6,68.82,49.81,56,96.55,384.2,3,P2
CUST000085,Leo Robinson,4,0,1,2,68.78,45.35,61,90.82,3791.59,1,P2
CUST000555,Adam Ali,4,0,1,0,68.74,37.59,60,84.35,112.42,0,P2
CUST000563,Sophia Miller,8,0,2,5,68.72,51.98,61,95.31,3023.61,3,P2
CUST000013,Leo Hussain,11,0,2,9,68.69,52.81,57,99.33,587.73,7,P2
CUST000769,Muhammad Patel,7,0,1,5,68.67,44.68,56,96.18,429.8,2,P2
CUST000348,Ali Brown,2,0,1,1,68.57,57.9,61,95.6,38.86,1,P2
CUST000292,Leo Jones,9,0,2,4,68.54,43.76,64,87.98,633.23,4,P2
CUST000982,Fatima Davies,10,0,1,4,68.51,35.74,88,84.21,780.31,2,P2
CUST000126,Amelia Khan,9,0,2,5,68.51,44.29,62,96.84,721.9,5,P2
CUST000343,Maya Patel,5,0,2,3,68.47,56.82,62,91.91,238.42,4,P2
CUST000071,Mia Wright,16,0,3,8,68.41,44.55,81,95.72,910.67,10,P2
CUST000037,Oliver Ali,6,0,1,3,68.35,39.29,61,89.75,3656.8,2,P2
CUST000642,Leo Green,5,0,1,1,68.32,38.4,57,94.17,4042.11,1,P2
CUST000774,Isabella Wright,5,0,1,2,68.29,42.04,66,83.98,240.51,3,P2
CUST000306,Noah Ali,13,0,2,9,68.28,48.24,81,93.27,825.6,13,P2
CUST000937,Daniel Davies,9,0,1,8,68.28,53.14,66,93.29,4049.88,6,P2
CUST000453,Mia Wilson,5,0,1,4,68.24,45.86,55,99.2,127.36,0,P2
CUST000586,Adam Khan,4,0,2,2,68.24,56.28,62,86.42,3098.72,3,P2
CUST000793,Lucas Robinson,8,0,2,2,68.21,41.39,56,89.51,524.26,3,P2
CUST000411,Grace Thomas,4,0,1,1,68.19,38.3,66,83.73,7580.94,1,P2
CUST000397,Leo Miller,6,0,1,2,68.18,43.28,58,92.69,139.84,3,P2
CUST000532,Lucas Davies,11,0,3,5,68.09,43.0,68,92.48,394.83,7,P2
CUST000334,Lucas Jones,1,0,1,0,68.07,68.07,76,72.17,5588.08,1,P2
CUST000855,Aisha Young,4,0,1,1,67.98,45.49,56,94.45,164.5,1,P2
CUST000006,Noah Davies,10,0,1,7,67.93,40.75,55,90.88,281.72,0,P2
CUST000211,Adam Taylor,7,0,1,6,67.93,52.72,66,93.21,5099.47,3,P2
CUST000277,Lucas Smith,6,0,1,4,67.89,44.38,55,94.4,159.51,1,P2
CUST000756,Adam Wilson,7,0,1,5,67.87,45.3,61,88.56,284.62,3,P2
CUST000179,Oliver Hall,9,0,1,8,67.86,42.54,61,96.01,255.78,1,P2
CUST000053,James Wilson,12,0,3,8,67.82,47.88,52,99.6,8309.01,4,P2
CUST000700,Fatima Taylor,8,0,2,4,67.78,45.98,62,94.76,11644.11,3,P2
CUST000854,Hannah Patel,7,0,1,5,67.76,45.16,79,80.21,1628.35,1,P2
CUST000556,Maya Davies,6,0,2,2,67.73,42.91,54,96.07,320.25,2,P2
CUST000473,Adam Hall,6,0,2,4,67.72,54.21,63,85.92,662.15,5,P2
CUST000223,Muhammad Ahmed,8,0,1,4,67.7,40.3,55,94.7,1190.26,0,P2
CUST000819,Sophia Wilson,7,0,1,5,67.68,47.72,56,93.71,528.15,2,P2
CUST000040,Leo Miller,6,0,1,3,67.68,41.89,61,88.07,4557.97,1,P2
CUST000027,Grace Patel,11,0,2,5,67.58,42.1,57,94.12,4993.99,3,P2
CUST000404,Leo Young,7,0,2,5,67.58,56.2,61,97.38,608.26,6,P2
CUST000806,Lucas Ali,4,0,1,3,67.57,49.43,51,99.05,4840.08,2,P2
CUST000500,Fatima Jones,5,0,1,2,67.52,41.71,84,85.79,1455.58,0,P2
CUST000619,Mia Smith,4,0,1,1,67.49,41.93,71,76.36,334.39,1,P2
CUST000400,Amelia Jones,7,0,2,4,67.46,49.37,61,97.36,3787.55,3,P2
CUST000372,Adam Smith,10,0,3,7,67.45,52.8,57,98.76,4252.39,8,P2
CUST000330,Aisha Hussain,4,0,1,1,67.41,43.2,51,98.65,1904.29,3,P2
CUST000782,Grace Robinson,8,0,2,4,67.39,43.32,66,96.51,2347.34,2,P2
CUST000930,Ethan Taylor,11,0,1,10,67.37,45.63,71,83.93,881.29,5,P2
CUST000255,Sophia Robinson,9,0,1,4,67.33,38.19,51,98.46,3526.0,2,P2
CUST000715,Oliver Robinson,7,0,2,5,67.33,51.53,71,88.97,225.93,3,P2
CUST000152,Sophia Young,8,0,1,3,67.28,37.08,56,92.71,688.32,4,P2
CUST000561,Isabella Smith,8,0,1,4,67.26,38.05,60,86.27,412.94,1,P2
CUST000635,Maya Khan,6,0,1,4,67.21,44.04,53,95.89,465.11,3,P2
CUST000385,Leo Young,6,0,1,3,67.18,45.06,79,84.2,124.04,1,P2
CUST000898,Isabella Walker,2,0,1,1,67.1,56.25,66,80.99,57.25,1,P2
CUST000495,Sophia Khan,5,0,2,3,67.09,49.35,57,91.1,452.14,4,P2
CUST000650,Isabella Thomas,9,0,1,4,67.02,40.45,59,81.17,920.55,5,P2
CUST000888,Adam Wright,8,0,3,4,67.01,51.14,56,96.53,481.9,4,P2
CUST000882,Daniel Hall,7,0,2,2,66.97,39.93,54,94.18,868.32,2,P2
CUST000708,Ethan Brown,5,0,2,0,66.83,41.21,66,94.69,5968.15,2,P2
CUST000485,Sophia Patel,5,0,1,2,66.81,42.87,57,90.4,151.88,3,P2
CUST000008,Hannah Walker,7,0,1,4,66.79,40.41,63,83.59,474.13,3,P2
CUST000648,Ethan Davies,2,0,1,0,66.79,45.6,57,90.36,15.93,1,P2
CUST000524,Amelia Thomas,5,0,1,3,66.77,48.71,67,79.05,115.84,2,P2
CUST000597,Amelia Ahmed,7,0,2,5,66.76,53.41,56,93.23,4548.73,6,P2
CUST000922,Fatima Young,6,0,1,4,66.73,45.72,73,70.21,293.56,3,P2
CUST000521,Isabella Brown,5,0,1,3,66.73,43.29,57,90.2,3462.98,1,P2
CUST000540,Oliver Ali,12,0,4,6,66.69,46.37,64,96.9,585.14,7,P2
CUST000061,Mia Walker,9,0,1,6,66.65,43.17,62,84.37,849.46,5,P2
CUST000746,Leo Khan,6,0,1,3,66.65,45.64,57,90.01,2246.6,2,P2
CUST000632,Noah Miller,3,0,1,1,66.65,40.79,61,85.5,208.38,2,P2
CUST000273,Leo Wilson,6,0,1,5,66.52,49.63,62,90.25,245.26,1,P2
CUST000669,Hannah Patel,5,0,1,2,66.4,44.7,53,95.01,146.07,4,P2
CUST000238,Zara Robinson,6,0,1,3,66.39,44.28,58,91.68,202.9,4,P2
CUST000843,Daniel Green,4,0,1,3,66.37,46.42,83,71.8,791.35,0,P2
CUST000403,Sophia Young,8,0,1,6,66.34,42.46,56,94.63,388.31,2,P2
CUST000680,Ethan Jones,2,0,1,0,66.33,49.02,56,90.33,72.03,1,P2
CUST000996,Grace Wright,10,0,3,7,66.3,50.75,60,98.25,410.01,2,P2
CUST000148,Fatima Patel,8,0,2,4,66.28,46.68,71,95.74,3467.76,2,P2
CUST000335,Muhammad Davies,3,0,2,1,66.28,59.93,65,82.44,92.38,2,P2
CUST000596,James Jones,2,0,1,1,66.24,51.1,58,87.84,136.59,1,P2
CUST000450,Maya Young,12,0,2,10,66.18,51.48,68,92.89,1130.07,11,P2
CUST000257,Lucas Green,10,0,2,6,66.13,47.45,73,76.32,1873.35,6,P2
CUST000474,Amelia Young,9,0,2,7,66.11,53.03,71,97.48,802.36,5,P2
CUST000933,Lucas Wright,4,0,2,2,66.11,57.29,48,98.11,364.55,1,P2
CUST000916,Leo Green,9,0,1,6,65.98,39.4,66,78.92,874.13,3,P2
CUST000991,Noah Davies,10,0,2,8,65.96,47.22,57,89.4,2050.06,6,P2
CUST000246,Adam Davies,6,0,1,5,65.9,48.25,56,99.7,235.23,2,P2
CUST000961,Noah Smith,5,0,1,3,65.89,42.08,61,90.62,383.48,1,P2
CUST000966,Hannah Taylor,5,0,2,3,65.8,53.84,66,98.98,195.36,2,P2
CUST000641,Ethan Hussain,6,0,2,4,65.76,49.98,56,91.6,3875.3,3,P2
CUST000808,Lucas Patel,5,0,1,4,65.69,47.47,53,92.11,337.2,2,P2
CUST000379,Daniel Brown,9,0,2,7,65.64,51.9,57,95.93,358.25,2,P2
CUST000665,Ethan Smith,5,0,2,2,65.64,51.73,53,96.39,718.5,2,P2
CUST000691,Daniel Ali,6,0,1,4,65.51,46.02,61,85.85,707.7,3,P2
CUST000374,Daniel Wright,4,0,1,2,65.5,42.05,65,77.41,426.37,0,P2
CUST000775,Maya Smith,7,0,1,3,65.43,39.69,53,91.45,301.03,2,P2
CUST000634,Ali Taylor,6,0,1,3,65.41,38.04,51,93.65,3672.36,3,P2
CUST000171,Oliver Clarke,8,0,2,6,65.32,49.22,59,91.99,591.93,4,P2
CUST000513,Daniel Taylor,7,0,2,5,65.19,51.57,66,97.92,231.94,3,P2
CUST000628,Fatima Wilson,5,0,1,3,65.05,44.14,53,98.88,387.87,1,P2
CUST000433,Zara Thomas,7,0,1,6,65.04,49.41,63,90.34,532.08,2,P2
CUST000934,Aisha Young,9,0,2,6,64.94,45.95,58,91.93,10670.94,2,P2
CUST000687,Daniel Walker,8,0,1,4,64.92,40.49,61,90.41,217.34,3,P2
CUST000828,Grace Hall,9,0,2,7,64.91,50.46,66,84.23,2399.04,5,P2
CUST000478,Fatima Ahmed,9,0,1,8,64.88,48.4,60,96.26,3593.03,3,P2
CUST000694,Daniel Wilson,6,0,1,4,64.88,41.76,71,78.61,413.6,2,P2
CUST000091,Isabella Green,7,0,2,4,64.86,49.32,61,86.6,5225.34,4,P2
CUST000912,James Brown,6,0,3,3,64.84,54.1,83,91.09,260.62,3,P2
CUST000740,Adam Jones,3,0,1,2,64.8,50.11,56,86.95,6065.26,1,P2
CUST000719,Hannah Wilson,5,0,1,4,64.74,51.83,62,83.88,127.47,3,P2
CUST000907,Zara Walker,5,0,1,1,64.74,34.93,66,75.1,2205.17,1,P2
CUST000253,Sophia Clarke,9,0,4,5,64.64,51.55,59,99.72,9157.85,4,P2
CUST000955,Hannah Brown,9,0,1,3,64.63,37.04,61,88.81,5146.48,2,P2
CUST000249,Aisha Davies,7,0,1,6,64.62,47.99,71,95.2,324.18,4,P2
CUST000783,Noah Walker,8,0,2,5,64.58,49.41,62,95.49,327.34,6,P2
CUST000530,Muhammad Wright,2,0,1,0,64.54,47.15,52,90.35,220.07,1,P2
CUST000584,Aisha Patel,6,0,1,5,64.49,53.0,61,88.77,518.04,3,P2
CUST000462,Amelia Clarke,7,0,3,2,64.47,43.91,66,98.87,4137.98,3,P2
CUST000825,Sophia Davies,7,0,1,6,64.45,48.64,61,90.38,260.93,5,P2
CUST000801,Hannah Thomas,6,0,3,1,64.45,48.48,61,94.62,2460.8,3,P2
CUST000350,Grace Jones,5,0,1,0,64.32,30.87,53,88.68,230.04,1,P2
CUST000124,Daniel Hall,11,0,1,8,64.28,47.5,62,99.61,414.9,6,P2
CUST000153,Maya Jones,8,0,1,5,64.18,42.99,63,93.95,307.48,5,P2
CUST000304,Ali Wilson,3,0,2,0,64.18,50.68,65,73.36,531.5,1,P2
CUST000865,Aisha Taylor,4,0,1,2,64.16,41.19,48,93.91,2819.44,1,P2
CUST000297,Ethan Ahmed,4,0,1,3,64.14,46.61,56,92.97,229.82,1,P2
CUST000317,Muhammad Clarke,6,0,1,4,64.05,43.77,53,97.04,321.11,1,P2
CUST000081,Adam Smith,7,0,1,4,63.93,44.48,65,75.63,409.64,2,P2
CUST000626,Noah Robinson,6,0,1,1,63.9,32.34,62,77.51,1838.33,2,P2
CUST000015,Leo Wright,7,0,3,4,63.88,52.6,57,95.02,324.72,3,P2
CUST000382,Mia Clarke,7,0,1,2,63.79,37.89,48,83.37,190.41,1,P2
CUST000121,Daniel Miller,9,0,1,4,63.78,36.85,88,71.2,1847.01,1,P2
CUST000765,Hannah Ahmed,9,0,1,7,63.78,46.31,52,86.71,406.9,5,P2
CUST000558,Hannah Green,4,0,1,2,63.7,42.66,56,88.79,1859.79,1,P2
CUST000698,Leo Jones,9,0,2,6,63.63,48.41,66,97.07,4054.32,3,P2
CUST000743,Hannah Hall,8,0,2,4,63.59,42.76,56,86.16,742.82,2,P2
CUST000154,Aisha Ali,10,0,1,5,63.58,42.86,61,96.96,542.46,5,P2
CUST000402,Muhammad Smith,5,0,1,4,63.56,46.32,57,86.85,195.0,1,P2
CUST000413,Leo Ali,3,0,1,2,63.53,58.77,69,68.69,927.79,3,P2
CUST000271,Oliver Patel,7,0,1,5,63.32,43.48,56,91.79,4157.39,3,P2
CUST000434,Noah Patel,6,0,1,1,63.28,31.86,88,66.18,168.1,0,P2
CUST000395,Zara Young,3,0,1,1,63.28,49.32,84,43.71,130.59,0,P2
CUST000941,Zara Thomas,5,0,1,2,63.21,42.47,66,90.44,295.36,1,P2
CUST000202,Leo Jones,6,0,3,0,63.2,43.5,72,85.56,163.13,3,P2
CUST000007,Ethan Thomas,7,0,1,2,63.13,35.8,57,83.52,3213.83,3,P2
CUST000047,Aisha Smith,10,0,2,7,63.12,46.89,66,96.65,812.11,2,P2
CUST000994,Lucas Wright,7,0,1,3,63.03,39.91,58,79.82,10361.0,2,P2
CUST000664,Oliver Hall,10,0,1,9,63.01,47.27,66,87.64,2865.22,6,P2
CUST000093,James Ahmed,11,0,2,7,63.0,44.23,83,91.33,896.01,4,P2
CUST000389,Hannah Miller,3,0,1,1,62.98,42.71,63,86.57,11523.2,0,P2
CUST000751,Lucas Ali,8,0,1,5,62.96,42.51,61,78.74,256.41,3,P2
CUST000803,Sophia Walker,3,0,1,2,62.82,49.1,61,88.65,239.85,2,P2
CUST000935,Grace Young,8,0,2,4,62.79,44.0,57,96.75,535.19,2,P2
CUST000314,Maya Hall,7,0,1,2,62.73,35.33,63,82.4,208.51,2,P2
CUST000452,Oliver Smith,8,0,2,4,62.55,44.83,88,95.5,4069.67,2,P2
CUST000447,Muhammad Hall,4,0,1,2,62.51,46.74,48,91.27,86.65,1,P2
CUST000729,Ali Ahmed,9,0,2,6,62.46,48.94,72,83.11,623.43,6,P2
CUST000205,Adam Brown,6,0,1,5,62.46,48.87,57,97.29,281.41,1,P2
CUST000731,Ali Brown,6,0,1,4,62.41,44.83,53,88.39,485.31,2,P2
CUST000280,Ethan Patel,10,0,2,7,62.35,45.29,61,87.18,4293.85,3,P2
CUST000821,Noah Robinson,1,0,1,0,62.35,62.35,83,42.49,22.91,0,P2
CUST000056,Adam Green,4,0,1,2,62.26,43.83,83,94.31,148.71,0,P2
CUST000552,James Brown,7,0,1,3,62.1,38.82,58,94.67,394.33,2,P2
CUST000110,Hannah Thomas,5,0,1,3,62.06,43.89,56,94.64,355.06,2,P2
CUST000140,Hannah Smith,3,0,1,0,62.06,33.17,56,79.64,260.05,1,P2
CUST000857,Grace Brown,4,0,1,2,62.05,40.98,61,75.94,374.65,2,P2
CUST000296,Aisha Ahmed,4,0,1,2,61.93,44.88,52,84.58,73.69,2,P2
CUST000483,Lucas Walker,8,0,1,5,61.85,40.06,53,95.0,8196.73,2,P2
CUST000653,Fatima Green,5,0,1,4,61.85,47.16,49,86.99,653.68,3,P2
CUST000977,Fatima Ahmed,9,0,1,7,61.83,42.1,44,97.95,798.72,2,P2
CUST000063,Isabella Khan,6,0,1,4,61.83,47.46,43,95.46,5395.88,1,P2
CUST000805,Aisha Green,4,0,1,2,61.77,40.91,83,80.67,68.44,0,P2
CUST000510,James Robinson,7,0,1,2,61.62,34.02,57,77.43,319.83,2,P2
CUST000685,Aisha Jones,6,0,1,3,61.41,44.54,61,92.52,3187.09,2,P2
CUST000046,Maya Davies,5,0,1,3,61.41,42.53,67,79.75,207.75,2,P2
CUST000415,Zara Ali,5,0,1,2,61.4,41.51,62,71.25,3215.91,3,P2
CUST000557,Sophia Miller,7,0,1,5,61.39,47.11,68,75.8,703.8,4,P2
CUST000313,Hannah Brown,7,0,1,6,61.38,44.31,61,85.22,2496.7,1,P2
CUST000547,Mia Clarke,5,0,1,1,61.38,39.3,83,69.97,263.92,0,P2
CUST000832,Muhammad Robinson,7,0,1,1,61.3,37.09,57,87.47,421.97,3,P2
CUST000062,Adam Brown,5,0,2,1,61.26,42.39,48,96.61,357.27,1,P2
CUST000117,Adam Smith,8,0,1,6,61.2,50.47,68,96.17,508.01,3,P2
CUST000673,Muhammad Khan,7,0,1,2,61.18,40.34,56,92.43,267.35,1,P2
CUST000727,Fatima Patel,3,0,1,1,61.16,40.47,60,65.41,33.36,1,P2
CUST000340,Lucas Green,6,0,2,4,61.15,51.15,63,80.75,319.71,6,P2
CUST000448,Oliver Brown,5,0,1,3,61.13,44.98,56,77.32,332.34,2,P2
CUST000618,Oliver Miller,4,0,1,3,61.07,46.04,52,85.38,100.77,1,P2
CUST000455,Leo Patel,3,0,1,1,60.97,40.86,60,64.92,350.61,0,P2
CUST000339,Daniel Patel,8,0,2,5,60.93,44.77,61,98.32,6914.41,2,P2
CUST000598,Leo Thomas,12,0,1,11,60.91,46.75,48,98.28,679.58,1,P2
CUST000190,James Smith,2,0,1,1,60.9,50.32,43,91.38,103.2,1,P2
CUST000164,Ethan Smith,8,0,1,6,60.83,45.3,56,76.57,1686.29,4,P2
CUST000445,Isabella Ali,14,0,1,13,60.73,48.97,66,95.24,2126.99,7,P2
CUST000613,James Miller,6,0,1,2,60.72,38.72,60,64.3,183.76,2,P2
CUST000604,Oliver Patel,7,0,1,4,60.65,44.9,79,90.77,2145.0,3,P2
CUST000122,Maya Ali,5,0,1,1,60.62,35.01,48,85.06,2969.74,1,P2
CUST000003,Mia Hussain,3,0,1,2,60.6,45.61,57,74.88,3216.06,1,P2
CUST000441,Adam Smith,6,0,1,5,60.44,44.36,61,82.19,4520.81,1,P2
CUST000877,Lucas Hussain,8,0,1,6,60.42,41.52,61,73.47,380.45,2,P2
CUST000908,Fatima Miller,4,0,1,2,60.41,41.99,44,91.65,103.27,1,P2
CUST000180,Maya Smith,11,0,2,9,60.4,50.18,56,98.7,1186.03,3,P2
CUST000494,Ethan Ahmed,9,0,1,3,60.27,36.1,83,73.29,5941.66,0,P2
CUST000100,Ethan Hall,12,0,1,7,60.14,39.47,63,89.6,675.45,6,P2
CUST000104,Hannah Smith,11,0,1,9,60.13,45.96,67,84.13,932.94,7,P2
CUST000885,Sophia Smith,9,0,1,4,60.13,36.95,53,83.83,444.68,3,P2
CUST000454,Amelia Taylor,11,0,1,3,60.07,31.09,52,79.18,599.82,2,P2
CUST000315,Isabella Brown,6,0,1,2,60.02,37.12,56,89.17,244.91,2,P2
CUST000381,Ali Ali,4,0,1,0,60.02,34.1,55,68.18,275.76,0,P2
CUST000075,Lucas Young,5,0,1,0,60.01,30.55,44,88.02,114.58,1,P2
CUST000406,Fatima Smith,5,0,1,3,60.01,43.44,56,82.76,403.58,2,P2
CUST000695,Ali Patel,7,0,0,7,59.99,46.79,52,95.75,207.52,1,P3
CUST000861,Isabella Khan,5,0,0,3,59.9,37.06,48,95.76,563.48,0,P3
CUST000192,Mia Davies,4,0,0,2,59.9,36.92,53,77.63,3929.54,2,P3
CUST000288,Maya Brown,6,0,0,3,59.81,42.31,49,87.45,2047.7,4,P3
CUST000614,Leo Ahmed,6,0,0,6,59.78,51.12,56,95.11,187.99,3,P3
CUST000896,Oliver Miller,4,0,0,3,59.71,43.46,56,81.63,190.2,1,P3
CUST000778,James Jones,6,0,0,6,59.65,44.78,44,97.86,239.65,1,P3
CUST000159,Lucas Jones,12,0,0,8,59.64,41.28,61,91.85,1002.77,4,P3
CUST000668,Daniel Wilson,7,0,0,6,59.63,44.82,55,89.38,590.62,2,P3
CUST000704,James Patel,7,0,0,5,59.6,40.09,66,86.92,5390.96,1,P3
CUST000239,Zara Walker,5,0,0,5,59.55,46.65,62,68.95,282.0,3,P3
CUST000678,Ethan Davies,4,0,0,2,59.55,34.26,48,82.37,179.96,1,P3
CUST000697,Muhammad Wright,5,0,0,5,59.48,47.14,52,94.75,720.93,1,P3
CUST000356,Hannah Hussain,4,0,0,4,59.44,50.83,55,77.44,131.76,2,P3
CUST000568,Noah Jones,5,0,0,2,59.38,35.28,71,56.08,219.95,2,P3
CUST000625,Adam Robinson,8,0,0,4,59.33,35.95,60,77.86,413.57,1,P3
CUST000836,Adam Ahmed,7,0,0,6,59.33,42.81,44,98.83,6078.06,1,P3
CUST000856,Amelia Ahmed,6,0,0,4,59.33,40.84,49,81.83,214.13,3,P3
CUST000538,Daniel Robinson,5,0,0,3,59.26,38.15,56,77.14,206.12,2,P3
CUST000655,Maya Wright,3,0,0,3,59.26,50.95,56,87.27,66.16,3,P3
CUST000883,Oliver Clarke,3,0,0,1,59.23,32.67,57,71.44,2317.42,1,P3
CUST000723,Hannah Taylor,3,0,0,2,59.13,39.98,39,86.44,127.0,0,P3
CUST000965,Amelia Young,3,0,0,2,59.09,44.54,38,92.47,58.92,2,P3
CUST000949,Amelia Wilson,5,0,0,4,58.92,44.45,52,76.31,718.55,1,P3
CUST000472,Maya Walker,5,0,0,5,58.88,47.59,52,91.49,240.63,2,P3
CUST000241,James Patel,6,0,0,4,58.86,41.47,58,69.4,3481.58,3,P3
CUST000499,Grace Clarke,7,0,0,7,58.78,44.96,44,89.7,170.32,1,P3
CUST000113,Sophia Young,8,0,0,5,58.74,38.67,43,98.47,309.87,0,P3
CUST000899,Noah Hussain,9,0,0,6,58.72,36.75,56,82.85,3738.17,3,P3
CUST000310,Isabella Ali,6,0,0,2,58.72,34.75,43,91.56,2706.55,2,P3
CUST000162,Hannah Clarke,4,0,0,1,58.68,31.96,71,54.33,101.49,1,P3
CUST000001,Amelia Taylor,8,0,0,7,58.63,47.86,66,91.48,529.99,5,P3
CUST000303,Leo Robinson,6,0,0,4,58.51,39.28,57,83.97,267.64,1,P3
CUST000904,Daniel Hussain,5,0,0,5,58.51,44.68,48,97.35,978.44,0,P3
CUST000087,Oliver Davies,13,0,0,13,58.49,48.04,67,96.22,794.17,7,P3
CUST000135,Noah Ali,7,0,0,5,58.49,44.72,83,78.87,639.91,2,P3
CUST000272,Mia Clarke,8,0,0,6,58.47,41.56,49,90.92,215.06,3,P3
CUST000045,Sophia Ali,6,0,0,5,58.47,44.76,56,88.13,436.53,3,P3
CUST000566,Sophia Wilson,7,0,0,7,58.42,46.66,56,75.3,328.38,4,P3
CUST000565,Hannah Smith,4,0,0,4,58.41,48.92,57,69.39,219.46,3,P3
CUST000881,Lucas Hussain,2,0,0,2,58.37,47.97,53,73.79,1831.63,1,P3
CUST000020,Ali Wilson,5,0,0,3,58.3,39.91,66,67.51,4738.28,3,P3
CUST000254,Zara Hussain,10,0,0,6,58.29,37.04,43,90.12,509.38,1,P3
CUST000554,Oliver Young,5,0,0,3,58.23,38.72,55,70.45,211.59,2,P3
CUST000459,Leo Jones,4,0,0,2,58.19,33.1,43,84.6,88.61,1,P3
CUST000129,James Patel,4,0,0,2,58.11,37.29,55,63.39,98.48,1,P3
CUST000080,Mia Davies,4,0,0,3,58.07,49.68,57,89.88,118.45,3,P3
CUST000717,Ali Ahmed,4,0,0,4,58.06,46.97,79,84.02,71.46,1,P3
CUST000218,Maya Green,3,0,0,3,58.05,51.6,71,90.14,80.27,2,P3
CUST000968,Adam Wilson,3,0,0,2,57.99,41.73,48,89.72,83.04,2,P3
CUST000574,Daniel Walker,9,0,0,9,57.94,44.53,43,96.48,645.62,0,P3
CUST000367,Lucas Clarke,3,0,0,2,57.92,39.66,65,51.67,107.0,1,P3
CUST000479,Hannah Ahmed,5,0,0,3,57.91,42.4,48,84.51,309.12,2,P3
CUST000771,Muhammad Ali,10,0,0,9,57.87,45.21,48,98.45,1294.54,2,P3
CUST000166,Lucas Young,4,0,0,4,57.68,46.94,56,95.56,265.57,1,P3
CUST000984,Mia Patel,9,0,0,5,57.58,38.17,65,71.18,596.57,4,P3
CUST000228,Mia Green,6,0,0,3,57.57,41.57,53,81.92,322.66,3,P3
CUST000995,Oliver Ahmed,5,0,0,2,57.43,34.47,43,82.7,251.29,1,P3
CUST000643,Maya Patel,1,0,0,1,57.34,57.34,62,61.11,23.23,1,P3
CUST000248,Hannah Green,4,0,0,3,57.2,43.48,56,80.11,164.69,1,P3
CUST000523,Oliver Smith,3,0,0,3,57.17,49.65,62,63.62,120.08,2,P3
CUST000621,Fatima Wilson,6,0,0,3,57.13,39.57,62,60.58,2210.05,4,P3
CUST000435,Noah Ali,4,0,0,4,57.09,51.27,56,80.03,256.3,1,P3
CUST000711,Zara Khan,7,0,0,6,57.04,44.14,49,96.06,461.39,1,P3
CUST000693,Grace Ali,9,0,0,9,57.01,46.42,71,85.32,575.17,5,P3
CUST000820,Mia Miller,9,0,0,5,56.94,36.52,62,90.63,3156.5,3,P3
CUST000451,Ali Robinson,1,0,0,1,56.9,56.9,48,75.74,28.46,1,P3
CUST000354,Noah Wilson,7,0,0,7,56.86,47.38,52,96.31,208.74,2,P3
CUST000215,James Green,3,0,0,1,56.78,31.28,66,55.2,3466.52,1,P3
CUST000927,Muhammad Hall,2,0,0,2,56.75,47.74,56,66.38,67.66,1,P3
CUST000096,Muhammad Taylor,6,0,0,4,56.73,41.22,57,65.2,388.55,3,P3
CUST000863,Daniel Young,6,0,0,3,56.7,40.45,66,93.37,223.06,3,P3
CUST000208,Daniel Jones,4,0,0,4,56.7,51.1,52,93.85,180.57,1,P3
CUST000824,Sophia Khan,4,0,0,3,56.7,43.76,56,78.22,347.3,1,P3
CUST000189,Zara Thomas,7,0,0,6,56.53,41.35,61,87.69,332.4,1,P3
CUST000520,Ethan Ahmed,7,0,0,4,56.51,36.89,44,91.77,320.51,0,P3
CUST000226,James Green,1,0,0,1,56.51,56.51,53,69.15,5.53,1,P3
CUST000794,Lucas Green,7,0,0,3,56.46,33.9,40,83.76,360.81,0,P3
CUST000798,Noah Miller,8,0,0,6,56.42,41.13,61,85.82,3792.51,4,P3
CUST000490,Daniel Wright,5,0,0,2,56.42,37.5,60,72.38,576.62,0,P3
CUST000251,Amelia Taylor,6,0,0,5,56.39,45.27,56,78.95,474.43,3,P3
CUST000337,Ali Brown,6,0,0,4,56.38,41.45,56,75.39,172.21,1,P3
CUST000936,Fatima Wright,3,0,0,2,56.31,46.98,66,89.52,318.56,2,P3
CUST000872,Maya Thomas,6,0,0,3,56.21,36.65,53,80.89,8543.88,0,P3
CUST000186,Sophia Hall,7,0,0,4,56.16,37.57,49,94.05,324.21,1,P3
CUST000734,Mia Brown,6,0,0,6,56.12,45.7,56,96.43,147.66,1,P3
CUST000873,Aisha Walker,3,0,0,2,56.11,42.52,57,74.94,101.67,1,P3
CUST000024,Oliver Ali,7,0,0,4,56.07,37.39,44,96.3,3019.55,2,P3
CUST000491,Grace Brown,3,0,0,1,56.06,33.96,60,52.66,160.86,0,P3
CUST000065,Amelia Miller,6,0,0,5,55.99,42.68,43,87.65,172.14,2,P3
CUST000602,Daniel Brown,8,0,0,4,55.96,36.19,55,90.27,423.33,2,P3
CUST000833,Lucas Thomas,4,0,0,3,55.9,44.02,56,65.28,142.13,2,P3
CUST000437,Amelia Jones,7,0,0,3,55.89,34.16,56,79.35,367.85,1,P3
CUST000686,Sophia Davies,3,0,0,2,55.88,44.87,66,53.93,167.91,2,P3
CUST000019,Noah Khan,7,0,0,6,55.84,50.2,62,74.06,353.3,5,P3
CUST000946,Adam Khan,6,0,0,6,55.84,45.94,61,99.64,333.14,5,P3
CUST000867,Fatima Hussain,3,0,0,1,55.68,36.92,45,68.57,719.51,0,P3
CUST000737,Noah Walker,3,0,0,1,55.63,35.83,44,77.07,3751.12,1,P3
CUST000564,Fatima Wilson,5,0,0,3,55.56,37.88,52,67.89,1682.05,1,P3
CUST000004,Daniel Patel,4,0,0,1,55.54,34.48,55,56.98,205.01,1,P3
CUST000610,Isabella Patel,8,0,0,6,55.49,43.37,56,83.86,2070.26,1,P3
CUST000370,Ali Thomas,7,0,0,6,55.48,48.58,56,91.73,306.35,4,P3
CUST000811,James Smith,7,0,0,6,55.47,41.69,57,73.07,3118.65,5,P3
CUST000235,Fatima Khan,6,0,0,4,55.2,39.99,60,86.89,2588.84,1,P3
CUST000985,Mia Ali,7,0,0,4,55.17,37.97,60,71.42,3631.46,1,P3
CUST000816,Lucas Clarke,6,0,0,6,55.08,42.47,56,93.15,209.03,1,P3
CUST000073,Aisha Hall,3,0,0,3,55.06,52.58,44,91.23,183.65,1,P3
CUST000244,Daniel Ali,3,0,0,3,54.99,46.04,56,94.72,76.66,1,P3
CUST000196,Fatima Wright,6,0,0,4,54.93,39.9,61,81.68,4421.53,2,P3
CUST000209,Muhammad Hall,5,0,0,5,54.88,44.84,52,80.92,430.72,3,P3
CUST000592,Fatima Wright,5,0,0,3,54.87,36.88,38,94.43,419.01,0,P3
CUST000242,Sophia Hall,3,0,0,2,54.78,43.04,39,82.32,139.65,0,P3
CUST000864,Ali Patel,4,0,0,3,54.76,42.13,56,63.66,126.34,2,P3
CUST000286,Daniel Miller,5,0,0,3,54.61,38.6,56,75.65,304.96,3,P3
CUST000703,Amelia Ahmed,9,0,0,9,54.55,43.66,66,79.09,688.8,4,P3
CUST000147,Lucas Wright,4,0,0,1,54.51,32.4,48,82.27,92.29,0,P3
CUST000835,Ethan Smith,2,0,0,1,54.41,37.7,44,74.03,55.06,1,P3
CUST000332,Hannah Patel,4,0,0,3,54.37,42.78,34,98.81,274.92,0,P3
CUST000256,Amelia Ahmed,7,0,0,3,54.33,35.28,52,95.04,238.04,1,P3
CUST000952,Ali Hussain,11,0,0,11,54.27,44.35,34,98.38,3165.81,0,P3
CUST000165,Isabella Jones,6,0,0,4,54.23,40.11,48,92.67,5100.38,1,P3
CUST000345,Mia Brown,5,0,0,5,54.22,47.43,48,98.43,414.63,2,P3
CUST000262,Maya Davies,4,0,0,3,54.18,40.83,53,73.45,315.04,3,P3
CUST000414,Maya Smith,6,0,0,6,53.95,43.42,44,94.48,259.45,2,P3
CUST000245,Amelia Robinson,2,0,0,2,53.9,46.64,48,81.6,316.43,1,P3
CUST000528,Zara Ahmed,5,0,0,4,53.82,42.89,39,96.79,169.96,0,P3
CUST000917,Daniel Jones,4,0,0,3,53.8,40.26,52,68.64,118.17,1,P3
CUST000074,Zara Clarke,5,0,0,2,53.79,33.88,43,79.23,102.09,1,P3
CUST000130,Lucas Brown,4,0,0,3,53.79,40.83,49,75.02,161.26,1,P3
CUST000103,Sophia Young,4,0,0,3,53.68,39.7,56,58.69,212.76,2,P3
CUST000421,Maya Hussain,4,0,0,3,53.61,39.97,39,90.15,162.23,0,P3
CUST000656,Lucas Thomas,7,0,0,4,53.54,34.86,39,93.9,540.01,0,P3
CUST000125,Amelia Hall,5,0,0,3,53.53,39.58,56,74.21,9410.12,2,P3
CUST000651,Fatima Robinson,5,0,0,4,53.48,46.26,38,97.15,277.5,0,P3
CUST000906,Zara Davies,7,0,0,7,53.47,43.97,43,84.99,281.66,1,P3
CUST000017,Ali Green,7,0,0,5,53.43,40.81,48,89.36,1970.4,2,P3
CUST000964,Aisha Green,4,0,0,2,53.3,39.11,48,73.87,208.86,1,P3
CUST000749,Leo Wilson,4,0,0,4,53.27,44.61,44,81.45,4569.71,1,P3
CUST000349,Adam Patel,7,0,0,4,53.23,37.56,48,89.19,291.24,1,P3
CUST000838,Noah Wilson,9,0,0,2,53.19,29.85,53,66.47,343.22,3,P3
CUST000789,Fatima Davies,8,0,0,7,53.1,44.88,38,91.41,561.14,1,P3
CUST000763,Ali Miller,5,0,0,1,53.08,29.94,53,60.57,282.81,1,P3
CUST000144,Adam Smith,4,0,0,4,53.08,48.0,38,95.57,2040.23,1,P3
CUST000466,Ethan Thomas,9,0,0,6,52.98,42.93,53,95.33,393.28,1,P3
CUST000014,Oliver Wright,5,0,0,4,52.95,40.3,43,86.18,235.34,0,P3
CUST000837,Zara Walker,7,0,0,6,52.86,42.34,38,95.03,992.47,0,P3
CUST000639,Ethan Robinson,6,0,0,4,52.8,40.04,55,94.88,3782.11,0,P3
CUST000799,Aisha Jones,4,0,0,3,52.8,42.7,44,83.34,212.39,1,P3
CUST000945,Daniel Brown,3,0,0,3,52.77,47.47,43,94.8,248.75,0,P3
CUST000394,Lucas Hall,4,0,0,2,52.73,37.83,61,50.71,275.58,2,P3
CUST000553,Adam Miller,4,0,0,4,52.67,48.63,56,84.25,206.95,3,P3
CUST000929,Mia Ahmed,5,0,0,3,52.66,34.55,48,82.16,327.02,1,P3
CUST000988,Noah Ali,5,0,0,5,52.6,43.0,48,94.38,196.06,1,P3
CUST000422,Muhammad Young,3,0,0,3,52.51,47.37,33,98.73,103.46,0,P3
CUST000660,Leo Clarke,4,0,0,2,52.44,34.78,38,92.84,510.13,0,P3
CUST000049,Grace Robinson,6,0,0,5,52.22,41.69,48,92.29,442.67,1,P3
CUST000670,Grace Miller,8,0,0,3,52.15,31.86,39,93.25,362.85,0,P3
CUST000108,Noah Clarke,6,0,0,4,52.13,35.71,56,64.37,280.56,2,P3
CUST000501,Ali Wright,6,0,0,2,52.07,31.71,43,97.26,4131.17,0,P3
CUST000972,James Green,4,0,0,1,52.0,32.07,39,96.24,123.21,0,P3
CUST000788,Grace Miller,6,0,0,2,51.99,33.12,61,50.4,300.53,2,P3
CUST000546,Adam Hussain,3,0,0,2,51.88,43.83,56,91.44,258.2,1,P3
CUST000424,Ethan Ahmed,4,0,0,3,51.81,43.28,43,74.27,64.45,2,P3
CUST000136,Grace Brown,6,0,0,5,51.57,42.98,43,86.17,217.82,0,P3
CUST000431,Hannah Smith,4,0,0,2,51.56,34.98,44,91.78,321.07,1,P3
CUST000336,Maya Davies,5,0,0,5,51.51,43.1,38,90.52,449.61,0,P3
CUST000184,Daniel Smith,8,0,0,4,51.48,34.37,56,91.57,678.68,1,P3
CUST000951,Ethan Ali,8,0,0,4,51.46,34.19,48,87.92,543.91,1,P3
CUST000157,Noah Davies,7,0,0,5,51.46,39.73,49,81.0,727.78,2,P3
CUST000502,Ali Patel,7,0,0,3,51.42,34.71,43,80.16,383.79,0,P3
CUST000979,Isabella Ahmed,2,0,0,2,51.35,50.66,33,96.87,176.72,0,P3
CUST000438,Sophia Robinson,2,0,0,1,51.32,34.99,40,83.3,5326.97,0,P3
CUST000891,Noah Thomas,3,0,0,3,51.29,45.21,61,69.05,351.56,2,P3
CUST000570,Ethan Davies,5,0,0,3,51.24,33.01,43,85.35,230.41,0,P3
CUST000035,Fatima Green,4,0,0,2,51.24,38.62,53,79.73,311.61,1,P3
CUST000607,Aisha Smith,11,0,0,6,51.22,34.88,56,76.77,495.14,3,P3
CUST000605,Ali Wilson,5,0,0,4,51.22,41.7,44,71.13,126.13,1,P3
CUST000582,Lucas Hall,5,0,0,2,51.19,31.68,38,81.09,121.52,0,P3
CUST000548,Oliver Ahmed,7,0,0,7,51.07,42.31,55,89.81,282.31,2,P3
CUST000428,Grace Wright,10,0,0,7,51.06,38.28,55,68.36,517.12,1,P3
CUST000666,Oliver Green,8,0,0,2,50.97,30.46,39,89.45,2140.31,1,P3
CUST000921,James Wilson,4,0,0,2,50.83,33.63,38,88.83,234.27,0,P3
CUST000545,James Ali,4,0,0,2,50.82,35.94,61,57.87,178.86,2,P3
CUST000465,Leo Hussain,2,0,0,2,50.82,49.66,52,56.04,103.4,2,P3
CUST000848,Mia Smith,7,0,0,5,50.78,35.39,38,84.57,218.9,1,P3
CUST000772,Daniel Robinson,9,0,0,7,50.76,42.99,52,98.35,568.56,2,P3
CUST000002,Maya Wilson,3,0,0,1,50.71,32.39,48,42.78,154.71,1,P3
CUST000475,Oliver Jones,3,0,0,2,50.66,42.9,48,86.15,65.45,1,P3
CUST000981,Ethan Khan,8,0,0,6,50.6,40.09,52,85.62,401.2,3,P3
CUST000667,Leo Hall,4,0,0,2,50.43,38.3,56,88.94,3129.43,1,P3
CUST000579,Fatima Robinson,7,0,0,5,50.34,37.44,56,92.09,7192.22,2,P3
CUST000358,Muhammad Wilson,3,0,0,2,50.26,35.89,38,97.52,127.69,0,P3
CUST000278,Zara Clarke,5,0,0,2,50.2,35.32,39,87.25,255.51,0,P3
CUST000175,Leo Ahmed,4,0,0,2,50.16,34.85,38,82.65,230.07,0,P3
CUST000893,Lucas Clarke,5,0,0,3,50.15,39.29,34,92.74,226.31,0,P3
CUST000606,Amelia Brown,3,0,0,2,50.11,44.0,43,92.65,50.38,0,P3
CUST000915,Mia Ahmed,6,0,0,2,50.08,29.69,43,76.83,166.04,0,P3
CUST000359,Ali Davies,8,0,0,6,49.91,38.98,44,86.52,728.49,1,P3
CUST000659,Amelia Ali,5,0,0,1,49.91,29.29,61,43.65,167.7,1,P3
CUST000029,Amelia Walker,5,0,0,4,49.9,39.92,43,84.76,448.65,0,P3
CUST000542,Oliver Robinson,5,0,0,3,49.76,36.15,48,68.62,225.72,2,P3
CUST000983,Fatima Brown,4,0,0,4,49.71,45.48,48,80.4,2429.49,1,P3
CUST000276,Leo Jones,3,0,0,3,49.7,47.15,44,92.75,217.07,1,P3
CUST000200,Sophia Green,4,0,0,2,49.69,34.27,43,89.93,4339.82,1,P3
CUST000926,Noah Hussain,3,0,0,3,49.65,41.55,44,87.01,4376.43,1,P3
CUST000309,Amelia Taylor,7,0,0,5,49.64,38.97,53,92.61,768.08,2,P3
CUST000980,Leo Taylor,3,0,0,1,49.59,33.01,48,63.1,3210.15,2,P3
CUST000616,Oliver Hall,3,0,0,2,49.57,35.23,43,75.56,170.74,0,P3
CUST000220,Sophia Brown,3,0,0,2,49.38,39.15,44,71.9,147.88,1,P3
CUST000575,Mia Ali,7,0,0,3,49.25,30.99,52,86.01,1074.52,1,P3
CUST000644,Fatima Wilson,5,0,0,3,49.24,36.34,43,94.98,5520.15,1,P3
CUST000689,Leo Jones,5,0,0,3,49.12,35.91,53,87.07,239.38,1,P3
CUST000611,Zara Brown,5,0,0,4,48.99,41.58,48,94.29,6681.66,1,P3
CUST000512,Muhammad Smith,5,0,0,5,48.98,43.69,43,98.41,514.97,0,P3
CUST000401,Hannah Brown,2,0,0,2,48.92,45.92,28,90.8,39.95,0,P3
CUST000690,James Khan,3,0,0,3,48.6,43.2,53,91.52,176.05,1,P3
CUST000308,Fatima Taylor,4,0,0,2,48.57,30.64,43,78.68,196.81,0,P3
CUST000858,Ethan Taylor,5,0,0,5,48.56,42.78,48,73.03,6047.23,1,P3
CUST000840,Mia Ahmed,5,0,0,4,48.45,41.36,53,81.75,7309.36,0,P3
CUST000023,Noah Patel,4,0,0,3,48.2,37.71,43,72.18,559.24,0,P3
CUST000866,Fatima Thomas,1,0,0,1,48.19,48.19,25,92.34,96.7,0,P3
CUST000134,Zara Khan,4,0,0,4,48.14,44.92,39,92.22,155.67,0,P3
CUST000924,Grace Young,4,0,0,2,48.04,33.67,43,88.58,167.67,0,P3
CUST000078,Muhammad Robinson,3,0,0,2,47.99,37.63,61,38.85,102.61,2,P3
CUST000229,Noah Young,5,0,0,3,47.96,33.66,43,71.53,213.62,0,P3
CUST000507,Lucas Miller,5,0,0,3,47.92,38.01,48,77.05,3509.67,2,P3
CUST000267,Oliver Davies,7,0,0,7,47.91,42.87,38,99.85,503.2,0,P3
CUST000487,Noah Patel,6,0,0,3,47.86,32.91,44,82.52,193.92,1,P3
CUST000107,Zara Khan,2,0,0,1,47.82,37.15,56,44.06,118.04,1,P3
CUST000469,Leo Hall,5,0,0,3,47.74,39.59,56,67.58,468.9,3,P3
CUST000622,Adam Patel,4,0,0,2,47.74,35.96,53,58.47,6640.76,2,P3
CUST000601,Noah Davies,6,0,0,5,47.7,42.68,52,76.5,763.7,2,P3
CUST000021,Daniel Brown,5,0,0,3,47.68,37.33,49,78.96,138.86,2,P3
CUST000492,Lucas Miller,4,0,0,1,47.65,33.04,48,52.62,164.99,1,P3
CUST000383,Ali Brown,5,0,0,3,47.44,37.51,43,80.36,2422.67,0,P3
CUST000796,Oliver Green,4,0,0,1,47.33,31.67,38,80.07,128.66,0,P3
CUST000800,Aisha Robinson,6,0,0,3,47.26,32.85,48,65.0,1329.5,2,P3
CUST000057,James Hussain,7,0,0,4,47.09,33.66,53,86.22,278.21,1,P3
CUST000784,Aisha Hall,3,0,0,1,47.08,29.12,43,69.33,191.24,0,P3
CUST000779,Grace Ahmed,3,0,0,2,46.98,36.34,48,62.9,204.53,1,P3
CUST000429,Oliver Jones,8,0,0,4,46.83,36.68,60,79.94,523.03,2,P3
CUST000636,Fatima Walker,4,0,0,3,46.79,39.25,49,94.47,209.32,2,P3
CUST000758,Grace Smith,4,0,0,3,46.73,40.64,34,99.42,115.09,0,P3
CUST000913,Zara Hussain,7,0,0,5,46.67,35.67,43,92.63,1189.72,0,P3
CUST000971,Maya Wilson,4,0,0,2,46.66,35.67,52,73.89,295.01,1,P3
CUST000318,Leo Khan,9,0,0,9,46.61,41.09,43,96.77,891.05,0,P3
CUST000168,Zara Thomas,7,0,0,5,46.52,35.22,48,93.81,564.17,1,P3
CUST000735,Aisha Miller,3,0,0,3,46.52,41.37,34,84.8,84.27,0,P3
CUST000712,Sophia Jones,6,0,0,6,46.49,42.3,48,95.43,364.79,1,P3
CUST000467,Noah Green,7,0,0,2,46.24,26.87,61,78.94,327.35,1,P3
CUST000496,Ali Wilson,7,0,0,5,46.12,35.94,39,87.17,388.2,0,P3
CUST000199,Ethan Ahmed,5,0,0,3,46.11,32.82,49,62.97,198.28,2,P3
CUST000009,James Miller,4,0,0,3,46.11,39.76,61,66.89,140.6,2,P3
CUST000018,Zara Thomas,2,0,0,1,46.02,37.44,56,39.54,190.63,1,P3
CUST000939,Ethan Brown,8,0,0,4,45.81,33.55,53,80.77,7586.82,1,P3
CUST000149,Fatima Young,6,0,0,4,45.8,34.52,43,83.01,1254.82,1,P3
CUST000781,James Ali,5,0,0,3,45.76,33.4,57,60.84,274.23,1,P3
CUST000301,Isabella Taylor,3,0,0,1,45.68,29.17,43,71.46,105.0,0,P3
CUST000444,Sophia Khan,5,0,0,3,45.67,33.09,53,60.13,172.8,1,P3
CUST000289,Maya Taylor,5,0,0,2,45.5,35.57,56,88.93,208.26,1,P3
CUST000364,Zara Wright,4,0,0,1,45.41,27.8,56,38.02,103.57,1,P3
CUST000822,Oliver Khan,5,0,0,2,45.3,30.82,44,58.13,453.15,1,P3
CUST000950,Noah Taylor,4,0,0,2,45.28,36.75,48,59.21,343.97,1,P3
CUST000418,Ethan Khan,7,0,0,3,45.27,32.63,49,60.72,668.24,1,P3
CUST000127,Zara Patel,6,0,0,4,45.14,35.32,56,79.9,588.3,1,P3
CUST000155,Isabella Ahmed,5,0,0,4,45.14,36.19,44,89.69,278.94,1,P3
CUST000351,Sophia Smith,2,0,0,2,45.13,45.0,43,74.57,29.85,0,P3
CUST000509,Noah Wilson,5,0,0,4,45.09,38.84,39,95.85,524.08,0,P3
CUST000471,Adam Wilson,3,0,0,1,45.0,32.63,48,45.99,118.94,1,P3
CUST000567,Aisha Young,5,0,0,5,44.99,41.19,39,68.61,399.54,0,P3
CUST000940,Grace Wright,6,0,0,6,44.94,39.98,43,90.85,189.23,0,P3
CUST000197,Ethan Hussain,5,0,0,2,44.93,31.15,56,78.18,120.26,1,P3
CUST000640,Isabella Taylor,2,0,0,1,44.87,39.24,48,45.67,79.17,1,P3
CUST000460,Noah Taylor,6,0,0,6,44.86,39.93,48,82.69,205.84,1,P3
CUST000753,Isabella Green,4,0,0,2,44.85,34.46,48,80.63,881.44,1,P3
CUST000599,Mia Walker,3,0,0,3,44.85,41.17,43,89.62,182.22,0,P3
CUST000847,Fatima Robinson,5,0,0,2,44.84,33.31,38,93.59,620.72,0,P3
CUST000094,Lucas Ahmed,7,0,0,5,44.81,36.31,44,89.11,2992.11,2,P3
CUST000082,Amelia Hall,6,0,0,1,44.76,28.96,56,40.38,1097.13,1,P3
CUST000312,Zara Wright,3,0,0,1,44.65,32.08,53,39.5,125.59,2,P3
CUST000038,Oliver Brown,5,0,0,1,44.63,27.33,61,33.1,328.63,1,P3
CUST000150,Lucas Thomas,3,0,0,2,44.6,37.03,56,36.0,34.46,1,P3
CUST000515,Noah Ali,8,0,0,4,44.56,34.35,56,61.54,424.36,3,P3
CUST000263,Grace Jones,1,0,0,1,44.56,44.56,52,40.4,67.22,1,P3
CUST000128,Oliver Thomas,2,0,0,1,44.55,36.27,48,31.73,243.67,1,P3
CUST000326,Isabella Jones,4,0,0,2,44.53,33.18,49,68.66,218.27,1,P3
CUST000377,Mia Clarke,4,0,0,2,44.52,36.12,52,57.31,7820.49,1,P3
CUST000425,Adam Patel,5,0,0,3,44.5,34.3,38,88.76,437.47,0,P3
CUST000790,Zara Brown,5,0,0,3,44.45,37.38,52,64.01,263.55,3,P3
CUST000051,Amelia Wright,5,0,0,4,44.39,37.35,39,94.1,187.24,0,P3
CUST000031,Muhammad Young,7,0,0,4,44.34,35.8,39,93.98,345.85,0,P3
CUST000282,Hannah Khan,4,0,0,1,44.34,34.22,43,79.34,177.6,0,P3
CUST000222,Fatima Wright,3,0,0,3,44.29,39.3,38,88.22,139.45,0,P3
CUST000048,Zara Clarke,2,0,0,1,44.25,33.76,33,90.37,185.36,0,P3
CUST000739,Grace Wilson,4,0,0,1,44.08,28.64,43,78.69,79.95,0,P3
CUST000265,Amelia Patel,6,0,0,2,44.04,34.69,56,39.94,276.99,2,P3
CUST000594,Oliver Wright,4,0,0,2,43.95,35.94,44,87.37,85.52,1,P3
CUST000672,James Wilson,2,0,0,1,43.94,33.9,56,34.35,78.96,1,P3
CUST000097,Muhammad Khan,1,0,0,1,43.94,43.94,28,78.35,28.58,0,P3
CUST000259,Aisha Brown,5,0,0,5,43.71,39.07,44,83.75,2012.64,1,P3
CUST000252,Adam Walker,5,0,0,4,43.55,38.57,53,85.39,231.81,2,P3
CUST000436,Noah Smith,3,0,0,2,43.42,38.16,44,80.42,99.35,1,P3
CUST000320,Noah Jones,2,0,0,1,43.37,35.27,39,65.68,2001.58,0,P3
CUST000132,Fatima Walker,4,0,0,2,43.33,32.9,49,71.21,3346.37,2,P3
CUST000831,Zara Wilson,2,0,0,2,43.25,41.42,28,76.63,70.71,0,P3
CUST000624,Ali Clarke,9,0,0,2,43.21,28.09,52,75.2,397.51,2,P3
CUST000269,Oliver Clarke,2,0,0,1,42.94,35.72,38,64.6,40.69,0,P3
CUST000762,Ali Brown,7,0,0,3,42.92,30.27,48,69.04,340.19,2,P3
CUST000287,Mia Khan,4,0,0,1,42.78,24.66,48,40.44,151.1,1,P3
CUST000960,Aisha Wright,6,0,0,4,42.51,35.69,43,69.16,1891.85,0,P3
CUST000464,Grace Robinson,5,0,0,3,42.44,34.62,56,74.78,395.29,1,P3
CUST000216,Maya Smith,3,0,0,2,42.35,37.31,48,68.07,56.22,2,P3
CUST000845,Oliver Brown,2,0,0,1,42.25,31.17,43,68.49,4077.84,0,P3
CUST000649,Noah Brown,4,0,0,1,42.15,29.99,52,35.39,319.85,1,P3
CUST000744,Oliver Walker,5,0,0,2,42.14,31.61,48,67.26,240.41,1,P3
CUST000969,Adam Brown,3,0,0,1,42.07,31.0,44,44.29,110.44,2,P3
CUST000905,Isabella Ahmed,5,0,0,2,42.01,30.41,43,88.15,247.32,0,P3
CUST000481,Muhammad Khan,6,0,0,4,41.98,32.34,53,86.33,238.94,1,P3
CUST000212,Sophia Taylor,5,0,0,3,41.97,32.07,38,88.06,249.99,0,P3
CUST000967,Sophia Hall,6,0,0,2,41.25,31.9,43,92.45,410.72,0,P3
CUST000116,Lucas Wright,4,0,0,3,41.06,36.73,43,85.78,244.05,0,P3
CUST000815,Aisha Young,6,0,0,3,40.82,32.52,48,59.29,220.57,1,P3
CUST000615,James Taylor,2,0,0,2,40.68,40.37,38,72.02,46.59,0,P3
CUST000204,James Walker,4,0,0,2,40.46,35.02,44,84.65,109.28,1,P3
CUST000366,Sophia Jones,3,0,0,1,40.07,30.6,44,57.43,182.2,1,P3
CUST000795,Ali Hussain,11,0,0,4,40.05,29.92,43,63.77,409.61,0,P3
CUST000671,Noah Davies,6,0,0,4,39.9,34.78,48,80.94,1427.65,1,P3
CUST000645,Lucas Robinson,5,0,0,3,38.91,32.68,38,58.77,414.06,0,P3
CUST000876,Zara Clarke,7,0,0,4,38.72,32.66,58,60.45,541.29,3,P3
CUST000503,Amelia Wright,6,0,0,2,38.62,29.29,39,56.86,287.48,0,P3
CUST000227,Ethan Patel,2,0,0,2,38.5,36.98,34,69.26,83.51,0,P3
CUST000747,Adam Young,2,0,0,1,38.27,28.8,38,52.92,3026.79,0,P3
CUST000250,Fatima Hussain,4,0,0,1,38.22,27.9,38,58.43,171.69,0,P3
CUST000357,Adam Young,4,0,0,2,38.01,28.46,38,77.22,2340.64,0,P3
CUST000427,Leo Clarke,2,0,0,1,38.01,29.46,39,72.53,23.16,0,P3
CUST000623,Ethan Green,4,0,0,1,37.99,28.27,43,57.85,185.09,0,P3
CUST000198,Sophia Clarke,3,0,0,2,37.9,31.38,38,61.01,54.8,0,P3
CUST000417,Zara Khan,1,0,0,1,37.71,37.71,38,51.53,12.95,0,P3
CUST000206,Amelia Wilson,1,0,0,1,37.68,37.68,34,55.96,26.0,0,P3
CUST000504,Zara Wilson,2,0,0,1,37.24,32.44,38,66.11,251.39,0,P3
CUST000551,Maya Davies,3,0,0,1,37.13,29.05,39,81.58,121.54,0,P3
CUST000261,Ethan Davies,4,0,0,1,36.99,28.28,43,81.23,237.9,0,P3
CUST000768,Zara Robinson,2,0,0,1,36.95,28.51,49,24.76,198.8,1,P3
CUST000587,James Hall,5,0,0,1,36.76,26.47,43,60.4,95.65,0,P3
CUST000230,Amelia Thomas,1,0,0,1,36.62,36.62,20,69.06,31.77,0,P3
CUST000684,Daniel Hussain,4,0,0,1,36.53,26.97,53,27.13,98.15,1,P3
CUST000363,Ali Smith,5,0,0,2,36.2,32.84,38,79.25,192.49,0,P3
CUST000559,Isabella Green,6,0,0,1,35.83,25.68,39,78.32,283.09,0,P3
CUST000511,Mia Walker,4,0,0,1,35.72,29.78,43,40.92,378.65,0,P3
CUST000086,Amelia Green,2,0,0,1,35.57,26.4,33,51.81,2484.7,0,P3
CUST000268,Fatima Wright,2,0,0,1,35.5,30.89,43,50.49,19.59,0,P3
CUST000036,Sophia Taylor,4,0,0,1,35.45,30.43,43,48.76,792.86,0,P3
CUST000098,Oliver Jones,4,0,0,1,35.22,24.32,43,45.3,781.35,0,P3
